# QS1000 8052 instruction trace, MAME, state BEFORE each instruction.
# format: docs/QS1000_TRACE_FORMAT.md
# idx pc a psw sp dptr r0..r7 b ie ip tcon tmod tl0 th0 tl1 th1 | disasm
0 0000 00 00 07 0000 00 00 00 00 00 00 00 00 00 00 00 00 00 00 00 00 00 | 0000: ljmp  $0024
1 0024 00 00 07 0000 00 00 00 00 00 00 00 00 00 00 00 00 00 00 00 00 00 | 0024: clr   rs0
2 0026 00 00 07 0000 00 00 00 00 00 00 00 00 00 00 00 00 00 00 00 00 00 | 0026: clr   rs1
3 0028 00 00 07 0000 00 00 00 00 00 00 00 00 00 00 00 00 00 00 00 00 00 | 0028: clr   t1
4 002a 00 00 07 0000 00 00 00 00 00 00 00 00 00 00 00 00 00 00 00 00 00 | 002A: setb  t1
5 002c 00 00 07 0000 00 00 00 00 00 00 00 00 00 00 00 00 00 00 00 00 00 | 002C: mov   sp,#$D8
6 002f 00 00 d8 0000 00 00 00 00 00 00 00 00 00 00 00 00 00 00 00 00 00 | 002F: mov   ie,#$86
7 0032 00 00 d8 0000 00 00 00 00 00 00 00 00 00 86 00 00 00 00 00 00 00 | 0032: mov   ip,#$04
8 0035 00 00 d8 0000 00 00 00 00 00 00 00 00 00 86 04 00 00 00 00 00 00 | 0035: mov   tmod,#$11
9 0038 00 00 d8 0000 00 00 00 00 00 00 00 00 00 86 04 00 11 00 00 00 00 | 0038: mov   scon,#$40
10 003b 00 00 d8 0000 00 00 00 00 00 00 00 00 00 86 04 00 11 00 00 00 00 | 003B: mov   th1,#$AE
11 003e 00 00 d8 0000 00 00 00 00 00 00 00 00 00 86 04 00 11 00 00 00 ae | 003E: mov   tl1,#$00
12 0041 00 00 d8 0000 00 00 00 00 00 00 00 00 00 86 04 00 11 00 00 00 ae | 0041: mov   tcon,#$04
13 0044 00 00 d8 0000 00 00 00 00 00 00 00 00 00 86 04 04 11 00 00 00 ae | 0044: mov   $20,#$00
14 0047 00 00 d8 0000 00 00 00 00 00 00 00 00 00 86 04 04 11 00 00 00 ae | 0047: mov   $21,#$00
15 004a 00 00 d8 0000 00 00 00 00 00 00 00 00 00 86 04 04 11 00 00 00 ae | 004A: mov   $22,#$00
16 004d 00 00 d8 0000 00 00 00 00 00 00 00 00 00 86 04 04 11 00 00 00 ae | 004D: clr   rxd
17 004f 00 00 d8 0000 00 00 00 00 00 00 00 00 00 86 04 04 11 00 00 00 ae | 004F: clr   txd
18 0051 00 00 d8 0000 00 00 00 00 00 00 00 00 00 86 04 04 11 00 00 00 ae | 0051: clr   int0
19 0053 00 00 d8 0000 00 00 00 00 00 00 00 00 00 86 04 04 11 00 00 00 ae | 0053: mov   $75,#$18
20 0056 00 00 d8 0000 00 00 00 00 00 00 00 00 00 86 04 04 11 00 00 00 ae | 0056: mov   $69,#$80
21 0059 00 00 d8 0000 00 00 00 00 00 00 00 00 00 86 04 04 11 00 00 00 ae | 0059: mov   $6A,#$80
22 005c 00 00 d8 0000 00 00 00 00 00 00 00 00 00 86 04 04 11 00 00 00 ae | 005C: mov   $76,#$17
23 005f 00 00 d8 0000 00 00 00 00 00 00 00 00 00 86 04 04 11 00 00 00 ae | 005F: mov   rb3r3,#$00
24 0062 00 00 d8 0000 00 00 00 00 00 00 00 00 00 86 04 04 11 00 00 00 ae | 0062: mov   $7E,#$40
25 0065 00 00 d8 0000 00 00 00 00 00 00 00 00 00 86 04 04 11 00 00 00 ae | 0065: mov   $27,#$40
26 0068 00 00 d8 0000 00 00 00 00 00 00 00 00 00 86 04 04 11 00 00 00 ae | 0068: mov   $26,#$40
27 006b 00 00 d8 0000 00 00 00 00 00 00 00 00 00 86 04 04 11 00 00 00 ae | 006B: mov   $2A,#$00
28 006e 00 00 d8 0000 00 00 00 00 00 00 00 00 00 86 04 04 11 00 00 00 ae | 006E: lcall $0D09
29 0d09 00 00 da 0000 00 00 00 00 00 00 00 00 00 86 04 04 11 00 00 00 ae | 0D09: mov   r0,#$30
30 0d0b 00 00 da 0000 30 00 00 00 00 00 00 00 00 86 04 04 11 00 00 00 ae | 0D0B: mov   r1,#$50
31 0d0d 00 00 da 0000 30 50 00 00 00 00 00 00 00 86 04 04 11 00 00 00 ae | 0D0D: mov   @r0,#$00
32 0d0f 00 00 da 0000 30 50 00 00 00 00 00 00 00 86 04 04 11 00 00 00 ae | 0D0F: mov   @r1,#$FF
33 0d11 00 00 da 0000 30 50 00 00 00 00 00 00 00 86 04 04 11 00 00 00 ae | 0D11: inc   r0
34 0d12 00 00 da 0000 31 50 00 00 00 00 00 00 00 86 04 04 11 00 00 00 ae | 0D12: inc   r1
35 0d13 00 00 da 0000 31 51 00 00 00 00 00 00 00 86 04 04 11 00 00 00 ae | 0D13: cjne  r0,#$48,$0D0D
36 0d0d 00 80 da 0000 31 51 00 00 00 00 00 00 00 86 04 04 11 00 00 00 ae | 0D0D: mov   @r0,#$00
37 0d0f 00 80 da 0000 31 51 00 00 00 00 00 00 00 86 04 04 11 00 00 00 ae | 0D0F: mov   @r1,#$FF
38 0d11 00 80 da 0000 31 51 00 00 00 00 00 00 00 86 04 04 11 00 00 00 ae | 0D11: inc   r0
39 0d12 00 80 da 0000 32 51 00 00 00 00 00 00 00 86 04 04 11 00 00 00 ae | 0D12: inc   r1
40 0d13 00 80 da 0000 32 52 00 00 00 00 00 00 00 86 04 04 11 00 00 00 ae | 0D13: cjne  r0,#$48,$0D0D
41 0d0d 00 80 da 0000 32 52 00 00 00 00 00 00 00 86 04 04 11 00 00 00 ae | 0D0D: mov   @r0,#$00
42 0d0f 00 80 da 0000 32 52 00 00 00 00 00 00 00 86 04 04 11 00 00 00 ae | 0D0F: mov   @r1,#$FF
43 0d11 00 80 da 0000 32 52 00 00 00 00 00 00 00 86 04 04 11 00 00 00 ae | 0D11: inc   r0
44 0d12 00 80 da 0000 33 52 00 00 00 00 00 00 00 86 04 04 11 00 00 00 ae | 0D12: inc   r1
45 0d13 00 80 da 0000 33 53 00 00 00 00 00 00 00 86 04 04 11 00 00 00 ae | 0D13: cjne  r0,#$48,$0D0D
46 0d0d 00 80 da 0000 33 53 00 00 00 00 00 00 00 86 04 04 11 00 00 00 ae | 0D0D: mov   @r0,#$00
47 0d0f 00 80 da 0000 33 53 00 00 00 00 00 00 00 86 04 04 11 00 00 00 ae | 0D0F: mov   @r1,#$FF
48 0d11 00 80 da 0000 33 53 00 00 00 00 00 00 00 86 04 04 11 00 00 00 ae | 0D11: inc   r0
49 0d12 00 80 da 0000 34 53 00 00 00 00 00 00 00 86 04 04 11 00 00 00 ae | 0D12: inc   r1
50 0d13 00 80 da 0000 34 54 00 00 00 00 00 00 00 86 04 04 11 00 00 00 ae | 0D13: cjne  r0,#$48,$0D0D
51 0d0d 00 80 da 0000 34 54 00 00 00 00 00 00 00 86 04 04 11 00 00 00 ae | 0D0D: mov   @r0,#$00
52 0d0f 00 80 da 0000 34 54 00 00 00 00 00 00 00 86 04 04 11 00 00 00 ae | 0D0F: mov   @r1,#$FF
53 0d11 00 80 da 0000 34 54 00 00 00 00 00 00 00 86 04 04 11 00 00 00 ae | 0D11: inc   r0
54 0d12 00 80 da 0000 35 54 00 00 00 00 00 00 00 86 04 04 11 00 00 00 ae | 0D12: inc   r1
55 0d13 00 80 da 0000 35 55 00 00 00 00 00 00 00 86 04 04 11 00 00 00 ae | 0D13: cjne  r0,#$48,$0D0D
56 0d0d 00 80 da 0000 35 55 00 00 00 00 00 00 00 86 04 04 11 00 00 00 ae | 0D0D: mov   @r0,#$00
57 0d0f 00 80 da 0000 35 55 00 00 00 00 00 00 00 86 04 04 11 00 00 00 ae | 0D0F: mov   @r1,#$FF
58 0d11 00 80 da 0000 35 55 00 00 00 00 00 00 00 86 04 04 11 00 00 00 ae | 0D11: inc   r0
59 0d12 00 80 da 0000 36 55 00 00 00 00 00 00 00 86 04 04 11 00 00 00 ae | 0D12: inc   r1
60 0d13 00 80 da 0000 36 56 00 00 00 00 00 00 00 86 04 04 11 00 00 00 ae | 0D13: cjne  r0,#$48,$0D0D
61 0d0d 00 80 da 0000 36 56 00 00 00 00 00 00 00 86 04 04 11 00 00 00 ae | 0D0D: mov   @r0,#$00
62 0d0f 00 80 da 0000 36 56 00 00 00 00 00 00 00 86 04 04 11 00 00 00 ae | 0D0F: mov   @r1,#$FF
63 0d11 00 80 da 0000 36 56 00 00 00 00 00 00 00 86 04 04 11 00 00 00 ae | 0D11: inc   r0
64 0d12 00 80 da 0000 37 56 00 00 00 00 00 00 00 86 04 04 11 00 00 00 ae | 0D12: inc   r1
65 0d13 00 80 da 0000 37 57 00 00 00 00 00 00 00 86 04 04 11 00 00 00 ae | 0D13: cjne  r0,#$48,$0D0D
66 0d0d 00 80 da 0000 37 57 00 00 00 00 00 00 00 86 04 04 11 00 00 00 ae | 0D0D: mov   @r0,#$00
67 0d0f 00 80 da 0000 37 57 00 00 00 00 00 00 00 86 04 04 11 00 00 00 ae | 0D0F: mov   @r1,#$FF
68 0d11 00 80 da 0000 37 57 00 00 00 00 00 00 00 86 04 04 11 00 00 00 ae | 0D11: inc   r0
69 0d12 00 80 da 0000 38 57 00 00 00 00 00 00 00 86 04 04 11 00 00 00 ae | 0D12: inc   r1
70 0d13 00 80 da 0000 38 58 00 00 00 00 00 00 00 86 04 04 11 00 00 00 ae | 0D13: cjne  r0,#$48,$0D0D
71 0d0d 00 80 da 0000 38 58 00 00 00 00 00 00 00 86 04 04 11 00 00 00 ae | 0D0D: mov   @r0,#$00
72 0d0f 00 80 da 0000 38 58 00 00 00 00 00 00 00 86 04 04 11 00 00 00 ae | 0D0F: mov   @r1,#$FF
73 0d11 00 80 da 0000 38 58 00 00 00 00 00 00 00 86 04 04 11 00 00 00 ae | 0D11: inc   r0
74 0d12 00 80 da 0000 39 58 00 00 00 00 00 00 00 86 04 04 11 00 00 00 ae | 0D12: inc   r1
75 0d13 00 80 da 0000 39 59 00 00 00 00 00 00 00 86 04 04 11 00 00 00 ae | 0D13: cjne  r0,#$48,$0D0D
76 0d0d 00 80 da 0000 39 59 00 00 00 00 00 00 00 86 04 04 11 00 00 00 ae | 0D0D: mov   @r0,#$00
77 0d0f 00 80 da 0000 39 59 00 00 00 00 00 00 00 86 04 04 11 00 00 00 ae | 0D0F: mov   @r1,#$FF
78 0d11 00 80 da 0000 39 59 00 00 00 00 00 00 00 86 04 04 11 00 00 00 ae | 0D11: inc   r0
79 0d12 00 80 da 0000 3a 59 00 00 00 00 00 00 00 86 04 04 11 00 00 00 ae | 0D12: inc   r1
80 0d13 00 80 da 0000 3a 5a 00 00 00 00 00 00 00 86 04 04 11 00 00 00 ae | 0D13: cjne  r0,#$48,$0D0D
81 0d0d 00 80 da 0000 3a 5a 00 00 00 00 00 00 00 86 04 04 11 00 00 00 ae | 0D0D: mov   @r0,#$00
82 0d0f 00 80 da 0000 3a 5a 00 00 00 00 00 00 00 86 04 04 11 00 00 00 ae | 0D0F: mov   @r1,#$FF
83 0d11 00 80 da 0000 3a 5a 00 00 00 00 00 00 00 86 04 04 11 00 00 00 ae | 0D11: inc   r0
84 0d12 00 80 da 0000 3b 5a 00 00 00 00 00 00 00 86 04 04 11 00 00 00 ae | 0D12: inc   r1
85 0d13 00 80 da 0000 3b 5b 00 00 00 00 00 00 00 86 04 04 11 00 00 00 ae | 0D13: cjne  r0,#$48,$0D0D
86 0d0d 00 80 da 0000 3b 5b 00 00 00 00 00 00 00 86 04 04 11 00 00 00 ae | 0D0D: mov   @r0,#$00
87 0d0f 00 80 da 0000 3b 5b 00 00 00 00 00 00 00 86 04 04 11 00 00 00 ae | 0D0F: mov   @r1,#$FF
88 0d11 00 80 da 0000 3b 5b 00 00 00 00 00 00 00 86 04 04 11 00 00 00 ae | 0D11: inc   r0
89 0d12 00 80 da 0000 3c 5b 00 00 00 00 00 00 00 86 04 04 11 00 00 00 ae | 0D12: inc   r1
90 0d13 00 80 da 0000 3c 5c 00 00 00 00 00 00 00 86 04 04 11 00 00 00 ae | 0D13: cjne  r0,#$48,$0D0D
91 0d0d 00 80 da 0000 3c 5c 00 00 00 00 00 00 00 86 04 04 11 00 00 00 ae | 0D0D: mov   @r0,#$00
92 0d0f 00 80 da 0000 3c 5c 00 00 00 00 00 00 00 86 04 04 11 00 00 00 ae | 0D0F: mov   @r1,#$FF
93 0d11 00 80 da 0000 3c 5c 00 00 00 00 00 00 00 86 04 04 11 00 00 00 ae | 0D11: inc   r0
94 0d12 00 80 da 0000 3d 5c 00 00 00 00 00 00 00 86 04 04 11 00 00 00 ae | 0D12: inc   r1
95 0d13 00 80 da 0000 3d 5d 00 00 00 00 00 00 00 86 04 04 11 00 00 00 ae | 0D13: cjne  r0,#$48,$0D0D
96 0d0d 00 80 da 0000 3d 5d 00 00 00 00 00 00 00 86 04 04 11 00 00 00 ae | 0D0D: mov   @r0,#$00
97 0d0f 00 80 da 0000 3d 5d 00 00 00 00 00 00 00 86 04 04 11 00 00 00 ae | 0D0F: mov   @r1,#$FF
98 0d11 00 80 da 0000 3d 5d 00 00 00 00 00 00 00 86 04 04 11 00 00 00 ae | 0D11: inc   r0
99 0d12 00 80 da 0000 3e 5d 00 00 00 00 00 00 00 86 04 04 11 00 00 00 ae | 0D12: inc   r1
100 0d13 00 80 da 0000 3e 5e 00 00 00 00 00 00 00 86 04 04 11 00 00 00 ae | 0D13: cjne  r0,#$48,$0D0D
101 0d0d 00 80 da 0000 3e 5e 00 00 00 00 00 00 00 86 04 04 11 00 00 00 ae | 0D0D: mov   @r0,#$00
102 0d0f 00 80 da 0000 3e 5e 00 00 00 00 00 00 00 86 04 04 11 00 00 00 ae | 0D0F: mov   @r1,#$FF
103 0d11 00 80 da 0000 3e 5e 00 00 00 00 00 00 00 86 04 04 11 00 00 00 ae | 0D11: inc   r0
104 0d12 00 80 da 0000 3f 5e 00 00 00 00 00 00 00 86 04 04 11 00 00 00 ae | 0D12: inc   r1
105 0d13 00 80 da 0000 3f 5f 00 00 00 00 00 00 00 86 04 04 11 00 00 00 ae | 0D13: cjne  r0,#$48,$0D0D
106 0d0d 00 80 da 0000 3f 5f 00 00 00 00 00 00 00 86 04 04 11 00 00 00 ae | 0D0D: mov   @r0,#$00
107 0d0f 00 80 da 0000 3f 5f 00 00 00 00 00 00 00 86 04 04 11 00 00 00 ae | 0D0F: mov   @r1,#$FF
108 0d11 00 80 da 0000 3f 5f 00 00 00 00 00 00 00 86 04 04 11 00 00 00 ae | 0D11: inc   r0
109 0d12 00 80 da 0000 40 5f 00 00 00 00 00 00 00 86 04 04 11 00 00 00 ae | 0D12: inc   r1
110 0d13 00 80 da 0000 40 60 00 00 00 00 00 00 00 86 04 04 11 00 00 00 ae | 0D13: cjne  r0,#$48,$0D0D
111 0d0d 00 80 da 0000 40 60 00 00 00 00 00 00 00 86 04 04 11 00 00 00 ae | 0D0D: mov   @r0,#$00
112 0d0f 00 80 da 0000 40 60 00 00 00 00 00 00 00 86 04 04 11 00 00 00 ae | 0D0F: mov   @r1,#$FF
113 0d11 00 80 da 0000 40 60 00 00 00 00 00 00 00 86 04 04 11 00 00 00 ae | 0D11: inc   r0
114 0d12 00 80 da 0000 41 60 00 00 00 00 00 00 00 86 04 04 11 00 00 00 ae | 0D12: inc   r1
115 0d13 00 80 da 0000 41 61 00 00 00 00 00 00 00 86 04 04 11 00 00 00 ae | 0D13: cjne  r0,#$48,$0D0D
116 0d0d 00 80 da 0000 41 61 00 00 00 00 00 00 00 86 04 04 11 00 00 00 ae | 0D0D: mov   @r0,#$00
117 0d0f 00 80 da 0000 41 61 00 00 00 00 00 00 00 86 04 04 11 00 00 00 ae | 0D0F: mov   @r1,#$FF
118 0d11 00 80 da 0000 41 61 00 00 00 00 00 00 00 86 04 04 11 00 00 00 ae | 0D11: inc   r0
119 0d12 00 80 da 0000 42 61 00 00 00 00 00 00 00 86 04 04 11 00 00 00 ae | 0D12: inc   r1
120 0d13 00 80 da 0000 42 62 00 00 00 00 00 00 00 86 04 04 11 00 00 00 ae | 0D13: cjne  r0,#$48,$0D0D
121 0d0d 00 80 da 0000 42 62 00 00 00 00 00 00 00 86 04 04 11 00 00 00 ae | 0D0D: mov   @r0,#$00
122 0d0f 00 80 da 0000 42 62 00 00 00 00 00 00 00 86 04 04 11 00 00 00 ae | 0D0F: mov   @r1,#$FF
123 0d11 00 80 da 0000 42 62 00 00 00 00 00 00 00 86 04 04 11 00 00 00 ae | 0D11: inc   r0
124 0d12 00 80 da 0000 43 62 00 00 00 00 00 00 00 86 04 04 11 00 00 00 ae | 0D12: inc   r1
125 0d13 00 80 da 0000 43 63 00 00 00 00 00 00 00 86 04 04 11 00 00 00 ae | 0D13: cjne  r0,#$48,$0D0D
126 0d0d 00 80 da 0000 43 63 00 00 00 00 00 00 00 86 04 04 11 00 00 00 ae | 0D0D: mov   @r0,#$00
127 0d0f 00 80 da 0000 43 63 00 00 00 00 00 00 00 86 04 04 11 00 00 00 ae | 0D0F: mov   @r1,#$FF
128 0d11 00 80 da 0000 43 63 00 00 00 00 00 00 00 86 04 04 11 00 00 00 ae | 0D11: inc   r0
129 0d12 00 80 da 0000 44 63 00 00 00 00 00 00 00 86 04 04 11 00 00 00 ae | 0D12: inc   r1
130 0d13 00 80 da 0000 44 64 00 00 00 00 00 00 00 86 04 04 11 00 00 00 ae | 0D13: cjne  r0,#$48,$0D0D
131 0d0d 00 80 da 0000 44 64 00 00 00 00 00 00 00 86 04 04 11 00 00 00 ae | 0D0D: mov   @r0,#$00
132 0d0f 00 80 da 0000 44 64 00 00 00 00 00 00 00 86 04 04 11 00 00 00 ae | 0D0F: mov   @r1,#$FF
133 0d11 00 80 da 0000 44 64 00 00 00 00 00 00 00 86 04 04 11 00 00 00 ae | 0D11: inc   r0
134 0d12 00 80 da 0000 45 64 00 00 00 00 00 00 00 86 04 04 11 00 00 00 ae | 0D12: inc   r1
135 0d13 00 80 da 0000 45 65 00 00 00 00 00 00 00 86 04 04 11 00 00 00 ae | 0D13: cjne  r0,#$48,$0D0D
136 0d0d 00 80 da 0000 45 65 00 00 00 00 00 00 00 86 04 04 11 00 00 00 ae | 0D0D: mov   @r0,#$00
137 0d0f 00 80 da 0000 45 65 00 00 00 00 00 00 00 86 04 04 11 00 00 00 ae | 0D0F: mov   @r1,#$FF
138 0d11 00 80 da 0000 45 65 00 00 00 00 00 00 00 86 04 04 11 00 00 00 ae | 0D11: inc   r0
139 0d12 00 80 da 0000 46 65 00 00 00 00 00 00 00 86 04 04 11 00 00 00 ae | 0D12: inc   r1
140 0d13 00 80 da 0000 46 66 00 00 00 00 00 00 00 86 04 04 11 00 00 00 ae | 0D13: cjne  r0,#$48,$0D0D
141 0d0d 00 80 da 0000 46 66 00 00 00 00 00 00 00 86 04 04 11 00 00 00 ae | 0D0D: mov   @r0,#$00
142 0d0f 00 80 da 0000 46 66 00 00 00 00 00 00 00 86 04 04 11 00 00 00 ae | 0D0F: mov   @r1,#$FF
143 0d11 00 80 da 0000 46 66 00 00 00 00 00 00 00 86 04 04 11 00 00 00 ae | 0D11: inc   r0
144 0d12 00 80 da 0000 47 66 00 00 00 00 00 00 00 86 04 04 11 00 00 00 ae | 0D12: inc   r1
145 0d13 00 80 da 0000 47 67 00 00 00 00 00 00 00 86 04 04 11 00 00 00 ae | 0D13: cjne  r0,#$48,$0D0D
146 0d0d 00 80 da 0000 47 67 00 00 00 00 00 00 00 86 04 04 11 00 00 00 ae | 0D0D: mov   @r0,#$00
147 0d0f 00 80 da 0000 47 67 00 00 00 00 00 00 00 86 04 04 11 00 00 00 ae | 0D0F: mov   @r1,#$FF
148 0d11 00 80 da 0000 47 67 00 00 00 00 00 00 00 86 04 04 11 00 00 00 ae | 0D11: inc   r0
149 0d12 00 80 da 0000 48 67 00 00 00 00 00 00 00 86 04 04 11 00 00 00 ae | 0D12: inc   r1
150 0d13 00 80 da 0000 48 68 00 00 00 00 00 00 00 86 04 04 11 00 00 00 ae | 0D13: cjne  r0,#$48,$0D0D
151 0d16 00 00 da 0000 48 68 00 00 00 00 00 00 00 86 04 04 11 00 00 00 ae | 0D16: mov   r0,#$80
152 0d18 00 00 da 0000 80 68 00 00 00 00 00 00 00 86 04 04 11 00 00 00 ae | 0D18: mov   @r0,#$FF
153 0d1a 00 00 da 0000 80 68 00 00 00 00 00 00 00 86 04 04 11 00 00 00 ae | 0D1A: inc   r0
154 0d1b 00 00 da 0000 81 68 00 00 00 00 00 00 00 86 04 04 11 00 00 00 ae | 0D1B: cjne  r0,#$D8,$0D18
155 0d18 00 80 da 0000 81 68 00 00 00 00 00 00 00 86 04 04 11 00 00 00 ae | 0D18: mov   @r0,#$FF
156 0d1a 00 80 da 0000 81 68 00 00 00 00 00 00 00 86 04 04 11 00 00 00 ae | 0D1A: inc   r0
157 0d1b 00 80 da 0000 82 68 00 00 00 00 00 00 00 86 04 04 11 00 00 00 ae | 0D1B: cjne  r0,#$D8,$0D18
158 0d18 00 80 da 0000 82 68 00 00 00 00 00 00 00 86 04 04 11 00 00 00 ae | 0D18: mov   @r0,#$FF
159 0d1a 00 80 da 0000 82 68 00 00 00 00 00 00 00 86 04 04 11 00 00 00 ae | 0D1A: inc   r0
160 0d1b 00 80 da 0000 83 68 00 00 00 00 00 00 00 86 04 04 11 00 00 00 ae | 0D1B: cjne  r0,#$D8,$0D18
161 0d18 00 80 da 0000 83 68 00 00 00 00 00 00 00 86 04 04 11 00 00 00 ae | 0D18: mov   @r0,#$FF
162 0d1a 00 80 da 0000 83 68 00 00 00 00 00 00 00 86 04 04 11 00 00 00 ae | 0D1A: inc   r0
163 0d1b 00 80 da 0000 84 68 00 00 00 00 00 00 00 86 04 04 11 00 00 00 ae | 0D1B: cjne  r0,#$D8,$0D18
164 0d18 00 80 da 0000 84 68 00 00 00 00 00 00 00 86 04 04 11 00 00 00 ae | 0D18: mov   @r0,#$FF
165 0d1a 00 80 da 0000 84 68 00 00 00 00 00 00 00 86 04 04 11 00 00 00 ae | 0D1A: inc   r0
166 0d1b 00 80 da 0000 85 68 00 00 00 00 00 00 00 86 04 04 11 00 00 00 ae | 0D1B: cjne  r0,#$D8,$0D18
167 0d18 00 80 da 0000 85 68 00 00 00 00 00 00 00 86 04 04 11 00 00 00 ae | 0D18: mov   @r0,#$FF
168 0d1a 00 80 da 0000 85 68 00 00 00 00 00 00 00 86 04 04 11 00 00 00 ae | 0D1A: inc   r0
169 0d1b 00 80 da 0000 86 68 00 00 00 00 00 00 00 86 04 04 11 00 00 00 ae | 0D1B: cjne  r0,#$D8,$0D18
170 0d18 00 80 da 0000 86 68 00 00 00 00 00 00 00 86 04 04 11 00 00 00 ae | 0D18: mov   @r0,#$FF
171 0d1a 00 80 da 0000 86 68 00 00 00 00 00 00 00 86 04 04 11 00 00 00 ae | 0D1A: inc   r0
172 0d1b 00 80 da 0000 87 68 00 00 00 00 00 00 00 86 04 04 11 00 00 00 ae | 0D1B: cjne  r0,#$D8,$0D18
173 0d18 00 80 da 0000 87 68 00 00 00 00 00 00 00 86 04 04 11 00 00 00 ae | 0D18: mov   @r0,#$FF
174 0d1a 00 80 da 0000 87 68 00 00 00 00 00 00 00 86 04 04 11 00 00 00 ae | 0D1A: inc   r0
175 0d1b 00 80 da 0000 88 68 00 00 00 00 00 00 00 86 04 04 11 00 00 00 ae | 0D1B: cjne  r0,#$D8,$0D18
176 0d18 00 80 da 0000 88 68 00 00 00 00 00 00 00 86 04 04 11 00 00 00 ae | 0D18: mov   @r0,#$FF
177 0d1a 00 80 da 0000 88 68 00 00 00 00 00 00 00 86 04 04 11 00 00 00 ae | 0D1A: inc   r0
178 0d1b 00 80 da 0000 89 68 00 00 00 00 00 00 00 86 04 04 11 00 00 00 ae | 0D1B: cjne  r0,#$D8,$0D18
179 0d18 00 80 da 0000 89 68 00 00 00 00 00 00 00 86 04 04 11 00 00 00 ae | 0D18: mov   @r0,#$FF
180 0d1a 00 80 da 0000 89 68 00 00 00 00 00 00 00 86 04 04 11 00 00 00 ae | 0D1A: inc   r0
181 0d1b 00 80 da 0000 8a 68 00 00 00 00 00 00 00 86 04 04 11 00 00 00 ae | 0D1B: cjne  r0,#$D8,$0D18
182 0d18 00 80 da 0000 8a 68 00 00 00 00 00 00 00 86 04 04 11 00 00 00 ae | 0D18: mov   @r0,#$FF
183 0d1a 00 80 da 0000 8a 68 00 00 00 00 00 00 00 86 04 04 11 00 00 00 ae | 0D1A: inc   r0
184 0d1b 00 80 da 0000 8b 68 00 00 00 00 00 00 00 86 04 04 11 00 00 00 ae | 0D1B: cjne  r0,#$D8,$0D18
185 0d18 00 80 da 0000 8b 68 00 00 00 00 00 00 00 86 04 04 11 00 00 00 ae | 0D18: mov   @r0,#$FF
186 0d1a 00 80 da 0000 8b 68 00 00 00 00 00 00 00 86 04 04 11 00 00 00 ae | 0D1A: inc   r0
187 0d1b 00 80 da 0000 8c 68 00 00 00 00 00 00 00 86 04 04 11 00 00 00 ae | 0D1B: cjne  r0,#$D8,$0D18
188 0d18 00 80 da 0000 8c 68 00 00 00 00 00 00 00 86 04 04 11 00 00 00 ae | 0D18: mov   @r0,#$FF
189 0d1a 00 80 da 0000 8c 68 00 00 00 00 00 00 00 86 04 04 11 00 00 00 ae | 0D1A: inc   r0
190 0d1b 00 80 da 0000 8d 68 00 00 00 00 00 00 00 86 04 04 11 00 00 00 ae | 0D1B: cjne  r0,#$D8,$0D18
191 0d18 00 80 da 0000 8d 68 00 00 00 00 00 00 00 86 04 04 11 00 00 00 ae | 0D18: mov   @r0,#$FF
192 0d1a 00 80 da 0000 8d 68 00 00 00 00 00 00 00 86 04 04 11 00 00 00 ae | 0D1A: inc   r0
193 0d1b 00 80 da 0000 8e 68 00 00 00 00 00 00 00 86 04 04 11 00 00 00 ae | 0D1B: cjne  r0,#$D8,$0D18
194 0d18 00 80 da 0000 8e 68 00 00 00 00 00 00 00 86 04 04 11 00 00 00 ae | 0D18: mov   @r0,#$FF
195 0d1a 00 80 da 0000 8e 68 00 00 00 00 00 00 00 86 04 04 11 00 00 00 ae | 0D1A: inc   r0
196 0d1b 00 80 da 0000 8f 68 00 00 00 00 00 00 00 86 04 04 11 00 00 00 ae | 0D1B: cjne  r0,#$D8,$0D18
197 0d18 00 80 da 0000 8f 68 00 00 00 00 00 00 00 86 04 04 11 00 00 00 ae | 0D18: mov   @r0,#$FF
198 0d1a 00 80 da 0000 8f 68 00 00 00 00 00 00 00 86 04 04 11 00 00 00 ae | 0D1A: inc   r0
199 0d1b 00 80 da 0000 90 68 00 00 00 00 00 00 00 86 04 04 11 00 00 00 ae | 0D1B: cjne  r0,#$D8,$0D18
200 0d18 00 80 da 0000 90 68 00 00 00 00 00 00 00 86 04 04 11 00 00 00 ae | 0D18: mov   @r0,#$FF
201 0d1a 00 80 da 0000 90 68 00 00 00 00 00 00 00 86 04 04 11 00 00 00 ae | 0D1A: inc   r0
202 0d1b 00 80 da 0000 91 68 00 00 00 00 00 00 00 86 04 04 11 00 00 00 ae | 0D1B: cjne  r0,#$D8,$0D18
203 0d18 00 80 da 0000 91 68 00 00 00 00 00 00 00 86 04 04 11 00 00 00 ae | 0D18: mov   @r0,#$FF
204 0d1a 00 80 da 0000 91 68 00 00 00 00 00 00 00 86 04 04 11 00 00 00 ae | 0D1A: inc   r0
205 0d1b 00 80 da 0000 92 68 00 00 00 00 00 00 00 86 04 04 11 00 00 00 ae | 0D1B: cjne  r0,#$D8,$0D18
206 0d18 00 80 da 0000 92 68 00 00 00 00 00 00 00 86 04 04 11 00 00 00 ae | 0D18: mov   @r0,#$FF
207 0d1a 00 80 da 0000 92 68 00 00 00 00 00 00 00 86 04 04 11 00 00 00 ae | 0D1A: inc   r0
208 0d1b 00 80 da 0000 93 68 00 00 00 00 00 00 00 86 04 04 11 00 00 00 ae | 0D1B: cjne  r0,#$D8,$0D18
209 0d18 00 80 da 0000 93 68 00 00 00 00 00 00 00 86 04 04 11 00 00 00 ae | 0D18: mov   @r0,#$FF
210 0d1a 00 80 da 0000 93 68 00 00 00 00 00 00 00 86 04 04 11 00 00 00 ae | 0D1A: inc   r0
211 0d1b 00 80 da 0000 94 68 00 00 00 00 00 00 00 86 04 04 11 00 00 00 ae | 0D1B: cjne  r0,#$D8,$0D18
212 0d18 00 80 da 0000 94 68 00 00 00 00 00 00 00 86 04 04 11 00 00 00 ae | 0D18: mov   @r0,#$FF
213 0d1a 00 80 da 0000 94 68 00 00 00 00 00 00 00 86 04 04 11 00 00 00 ae | 0D1A: inc   r0
214 0d1b 00 80 da 0000 95 68 00 00 00 00 00 00 00 86 04 04 11 00 00 00 ae | 0D1B: cjne  r0,#$D8,$0D18
215 0d18 00 80 da 0000 95 68 00 00 00 00 00 00 00 86 04 04 11 00 00 00 ae | 0D18: mov   @r0,#$FF
216 0d1a 00 80 da 0000 95 68 00 00 00 00 00 00 00 86 04 04 11 00 00 00 ae | 0D1A: inc   r0
217 0d1b 00 80 da 0000 96 68 00 00 00 00 00 00 00 86 04 04 11 00 00 00 ae | 0D1B: cjne  r0,#$D8,$0D18
218 0d18 00 80 da 0000 96 68 00 00 00 00 00 00 00 86 04 04 11 00 00 00 ae | 0D18: mov   @r0,#$FF
219 0d1a 00 80 da 0000 96 68 00 00 00 00 00 00 00 86 04 04 11 00 00 00 ae | 0D1A: inc   r0
220 0d1b 00 80 da 0000 97 68 00 00 00 00 00 00 00 86 04 04 11 00 00 00 ae | 0D1B: cjne  r0,#$D8,$0D18
221 0d18 00 80 da 0000 97 68 00 00 00 00 00 00 00 86 04 04 11 00 00 00 ae | 0D18: mov   @r0,#$FF
222 0d1a 00 80 da 0000 97 68 00 00 00 00 00 00 00 86 04 04 11 00 00 00 ae | 0D1A: inc   r0
223 0d1b 00 80 da 0000 98 68 00 00 00 00 00 00 00 86 04 04 11 00 00 00 ae | 0D1B: cjne  r0,#$D8,$0D18
224 0d18 00 80 da 0000 98 68 00 00 00 00 00 00 00 86 04 04 11 00 00 00 ae | 0D18: mov   @r0,#$FF
225 0d1a 00 80 da 0000 98 68 00 00 00 00 00 00 00 86 04 04 11 00 00 00 ae | 0D1A: inc   r0
226 0d1b 00 80 da 0000 99 68 00 00 00 00 00 00 00 86 04 04 11 00 00 00 ae | 0D1B: cjne  r0,#$D8,$0D18
227 0d18 00 80 da 0000 99 68 00 00 00 00 00 00 00 86 04 04 11 00 00 00 ae | 0D18: mov   @r0,#$FF
228 0d1a 00 80 da 0000 99 68 00 00 00 00 00 00 00 86 04 04 11 00 00 00 ae | 0D1A: inc   r0
229 0d1b 00 80 da 0000 9a 68 00 00 00 00 00 00 00 86 04 04 11 00 00 00 ae | 0D1B: cjne  r0,#$D8,$0D18
230 0d18 00 80 da 0000 9a 68 00 00 00 00 00 00 00 86 04 04 11 00 00 00 ae | 0D18: mov   @r0,#$FF
231 0d1a 00 80 da 0000 9a 68 00 00 00 00 00 00 00 86 04 04 11 00 00 00 ae | 0D1A: inc   r0
232 0d1b 00 80 da 0000 9b 68 00 00 00 00 00 00 00 86 04 04 11 00 00 00 ae | 0D1B: cjne  r0,#$D8,$0D18
233 0d18 00 80 da 0000 9b 68 00 00 00 00 00 00 00 86 04 04 11 00 00 00 ae | 0D18: mov   @r0,#$FF
234 0d1a 00 80 da 0000 9b 68 00 00 00 00 00 00 00 86 04 04 11 00 00 00 ae | 0D1A: inc   r0
235 0d1b 00 80 da 0000 9c 68 00 00 00 00 00 00 00 86 04 04 11 00 00 00 ae | 0D1B: cjne  r0,#$D8,$0D18
236 0d18 00 80 da 0000 9c 68 00 00 00 00 00 00 00 86 04 04 11 00 00 00 ae | 0D18: mov   @r0,#$FF
237 0d1a 00 80 da 0000 9c 68 00 00 00 00 00 00 00 86 04 04 11 00 00 00 ae | 0D1A: inc   r0
238 0d1b 00 80 da 0000 9d 68 00 00 00 00 00 00 00 86 04 04 11 00 00 00 ae | 0D1B: cjne  r0,#$D8,$0D18
239 0d18 00 80 da 0000 9d 68 00 00 00 00 00 00 00 86 04 04 11 00 00 00 ae | 0D18: mov   @r0,#$FF
240 0d1a 00 80 da 0000 9d 68 00 00 00 00 00 00 00 86 04 04 11 00 00 00 ae | 0D1A: inc   r0
241 0d1b 00 80 da 0000 9e 68 00 00 00 00 00 00 00 86 04 04 11 00 00 00 ae | 0D1B: cjne  r0,#$D8,$0D18
242 0d18 00 80 da 0000 9e 68 00 00 00 00 00 00 00 86 04 04 11 00 00 00 ae | 0D18: mov   @r0,#$FF
243 0d1a 00 80 da 0000 9e 68 00 00 00 00 00 00 00 86 04 04 11 00 00 00 ae | 0D1A: inc   r0
244 0d1b 00 80 da 0000 9f 68 00 00 00 00 00 00 00 86 04 04 11 00 00 00 ae | 0D1B: cjne  r0,#$D8,$0D18
245 0d18 00 80 da 0000 9f 68 00 00 00 00 00 00 00 86 04 04 11 00 00 00 ae | 0D18: mov   @r0,#$FF
246 0d1a 00 80 da 0000 9f 68 00 00 00 00 00 00 00 86 04 04 11 00 00 00 ae | 0D1A: inc   r0
247 0d1b 00 80 da 0000 a0 68 00 00 00 00 00 00 00 86 04 04 11 00 00 00 ae | 0D1B: cjne  r0,#$D8,$0D18
248 0d18 00 80 da 0000 a0 68 00 00 00 00 00 00 00 86 04 04 11 00 00 00 ae | 0D18: mov   @r0,#$FF
249 0d1a 00 80 da 0000 a0 68 00 00 00 00 00 00 00 86 04 04 11 00 00 00 ae | 0D1A: inc   r0
250 0d1b 00 80 da 0000 a1 68 00 00 00 00 00 00 00 86 04 04 11 00 00 00 ae | 0D1B: cjne  r0,#$D8,$0D18
251 0d18 00 80 da 0000 a1 68 00 00 00 00 00 00 00 86 04 04 11 00 00 00 ae | 0D18: mov   @r0,#$FF
252 0d1a 00 80 da 0000 a1 68 00 00 00 00 00 00 00 86 04 04 11 00 00 00 ae | 0D1A: inc   r0
253 0d1b 00 80 da 0000 a2 68 00 00 00 00 00 00 00 86 04 04 11 00 00 00 ae | 0D1B: cjne  r0,#$D8,$0D18
254 0d18 00 80 da 0000 a2 68 00 00 00 00 00 00 00 86 04 04 11 00 00 00 ae | 0D18: mov   @r0,#$FF
255 0d1a 00 80 da 0000 a2 68 00 00 00 00 00 00 00 86 04 04 11 00 00 00 ae | 0D1A: inc   r0
256 0d1b 00 80 da 0000 a3 68 00 00 00 00 00 00 00 86 04 04 11 00 00 00 ae | 0D1B: cjne  r0,#$D8,$0D18
257 0d18 00 80 da 0000 a3 68 00 00 00 00 00 00 00 86 04 04 11 00 00 00 ae | 0D18: mov   @r0,#$FF
258 0d1a 00 80 da 0000 a3 68 00 00 00 00 00 00 00 86 04 04 11 00 00 00 ae | 0D1A: inc   r0
259 0d1b 00 80 da 0000 a4 68 00 00 00 00 00 00 00 86 04 04 11 00 00 00 ae | 0D1B: cjne  r0,#$D8,$0D18
260 0d18 00 80 da 0000 a4 68 00 00 00 00 00 00 00 86 04 04 11 00 00 00 ae | 0D18: mov   @r0,#$FF
261 0d1a 00 80 da 0000 a4 68 00 00 00 00 00 00 00 86 04 04 11 00 00 00 ae | 0D1A: inc   r0
262 0d1b 00 80 da 0000 a5 68 00 00 00 00 00 00 00 86 04 04 11 00 00 00 ae | 0D1B: cjne  r0,#$D8,$0D18
263 0d18 00 80 da 0000 a5 68 00 00 00 00 00 00 00 86 04 04 11 00 00 00 ae | 0D18: mov   @r0,#$FF
264 0d1a 00 80 da 0000 a5 68 00 00 00 00 00 00 00 86 04 04 11 00 00 00 ae | 0D1A: inc   r0
265 0d1b 00 80 da 0000 a6 68 00 00 00 00 00 00 00 86 04 04 11 00 00 00 ae | 0D1B: cjne  r0,#$D8,$0D18
266 0d18 00 80 da 0000 a6 68 00 00 00 00 00 00 00 86 04 04 11 00 00 00 ae | 0D18: mov   @r0,#$FF
267 0d1a 00 80 da 0000 a6 68 00 00 00 00 00 00 00 86 04 04 11 00 00 00 ae | 0D1A: inc   r0
268 0d1b 00 80 da 0000 a7 68 00 00 00 00 00 00 00 86 04 04 11 00 00 00 ae | 0D1B: cjne  r0,#$D8,$0D18
269 0d18 00 80 da 0000 a7 68 00 00 00 00 00 00 00 86 04 04 11 00 00 00 ae | 0D18: mov   @r0,#$FF
270 0d1a 00 80 da 0000 a7 68 00 00 00 00 00 00 00 86 04 04 11 00 00 00 ae | 0D1A: inc   r0
271 0d1b 00 80 da 0000 a8 68 00 00 00 00 00 00 00 86 04 04 11 00 00 00 ae | 0D1B: cjne  r0,#$D8,$0D18
272 0d18 00 80 da 0000 a8 68 00 00 00 00 00 00 00 86 04 04 11 00 00 00 ae | 0D18: mov   @r0,#$FF
273 0d1a 00 80 da 0000 a8 68 00 00 00 00 00 00 00 86 04 04 11 00 00 00 ae | 0D1A: inc   r0
274 0d1b 00 80 da 0000 a9 68 00 00 00 00 00 00 00 86 04 04 11 00 00 00 ae | 0D1B: cjne  r0,#$D8,$0D18
275 0d18 00 80 da 0000 a9 68 00 00 00 00 00 00 00 86 04 04 11 00 00 00 ae | 0D18: mov   @r0,#$FF
276 0d1a 00 80 da 0000 a9 68 00 00 00 00 00 00 00 86 04 04 11 00 00 00 ae | 0D1A: inc   r0
277 0d1b 00 80 da 0000 aa 68 00 00 00 00 00 00 00 86 04 04 11 00 00 00 ae | 0D1B: cjne  r0,#$D8,$0D18
278 0d18 00 80 da 0000 aa 68 00 00 00 00 00 00 00 86 04 04 11 00 00 00 ae | 0D18: mov   @r0,#$FF
279 0d1a 00 80 da 0000 aa 68 00 00 00 00 00 00 00 86 04 04 11 00 00 00 ae | 0D1A: inc   r0
280 0d1b 00 80 da 0000 ab 68 00 00 00 00 00 00 00 86 04 04 11 00 00 00 ae | 0D1B: cjne  r0,#$D8,$0D18
281 0d18 00 80 da 0000 ab 68 00 00 00 00 00 00 00 86 04 04 11 00 00 00 ae | 0D18: mov   @r0,#$FF
282 0d1a 00 80 da 0000 ab 68 00 00 00 00 00 00 00 86 04 04 11 00 00 00 ae | 0D1A: inc   r0
283 0d1b 00 80 da 0000 ac 68 00 00 00 00 00 00 00 86 04 04 11 00 00 00 ae | 0D1B: cjne  r0,#$D8,$0D18
284 0d18 00 80 da 0000 ac 68 00 00 00 00 00 00 00 86 04 04 11 00 00 00 ae | 0D18: mov   @r0,#$FF
285 0d1a 00 80 da 0000 ac 68 00 00 00 00 00 00 00 86 04 04 11 00 00 00 ae | 0D1A: inc   r0
286 0d1b 00 80 da 0000 ad 68 00 00 00 00 00 00 00 86 04 04 11 00 00 00 ae | 0D1B: cjne  r0,#$D8,$0D18
287 0d18 00 80 da 0000 ad 68 00 00 00 00 00 00 00 86 04 04 11 00 00 00 ae | 0D18: mov   @r0,#$FF
288 0d1a 00 80 da 0000 ad 68 00 00 00 00 00 00 00 86 04 04 11 00 00 00 ae | 0D1A: inc   r0
289 0d1b 00 80 da 0000 ae 68 00 00 00 00 00 00 00 86 04 04 11 00 00 00 ae | 0D1B: cjne  r0,#$D8,$0D18
290 0d18 00 80 da 0000 ae 68 00 00 00 00 00 00 00 86 04 04 11 00 00 00 ae | 0D18: mov   @r0,#$FF
291 0d1a 00 80 da 0000 ae 68 00 00 00 00 00 00 00 86 04 04 11 00 00 00 ae | 0D1A: inc   r0
292 0d1b 00 80 da 0000 af 68 00 00 00 00 00 00 00 86 04 04 11 00 00 00 ae | 0D1B: cjne  r0,#$D8,$0D18
293 0d18 00 80 da 0000 af 68 00 00 00 00 00 00 00 86 04 04 11 00 00 00 ae | 0D18: mov   @r0,#$FF
294 0d1a 00 80 da 0000 af 68 00 00 00 00 00 00 00 86 04 04 11 00 00 00 ae | 0D1A: inc   r0
295 0d1b 00 80 da 0000 b0 68 00 00 00 00 00 00 00 86 04 04 11 00 00 00 ae | 0D1B: cjne  r0,#$D8,$0D18
296 0d18 00 80 da 0000 b0 68 00 00 00 00 00 00 00 86 04 04 11 00 00 00 ae | 0D18: mov   @r0,#$FF
297 0d1a 00 80 da 0000 b0 68 00 00 00 00 00 00 00 86 04 04 11 00 00 00 ae | 0D1A: inc   r0
298 0d1b 00 80 da 0000 b1 68 00 00 00 00 00 00 00 86 04 04 11 00 00 00 ae | 0D1B: cjne  r0,#$D8,$0D18
299 0d18 00 80 da 0000 b1 68 00 00 00 00 00 00 00 86 04 04 11 00 00 00 ae | 0D18: mov   @r0,#$FF
300 0d1a 00 80 da 0000 b1 68 00 00 00 00 00 00 00 86 04 04 11 00 00 00 ae | 0D1A: inc   r0
301 0d1b 00 80 da 0000 b2 68 00 00 00 00 00 00 00 86 04 04 11 00 00 00 ae | 0D1B: cjne  r0,#$D8,$0D18
302 0d18 00 80 da 0000 b2 68 00 00 00 00 00 00 00 86 04 04 11 00 00 00 ae | 0D18: mov   @r0,#$FF
303 0d1a 00 80 da 0000 b2 68 00 00 00 00 00 00 00 86 04 04 11 00 00 00 ae | 0D1A: inc   r0
304 0d1b 00 80 da 0000 b3 68 00 00 00 00 00 00 00 86 04 04 11 00 00 00 ae | 0D1B: cjne  r0,#$D8,$0D18
305 0d18 00 80 da 0000 b3 68 00 00 00 00 00 00 00 86 04 04 11 00 00 00 ae | 0D18: mov   @r0,#$FF
306 0d1a 00 80 da 0000 b3 68 00 00 00 00 00 00 00 86 04 04 11 00 00 00 ae | 0D1A: inc   r0
307 0d1b 00 80 da 0000 b4 68 00 00 00 00 00 00 00 86 04 04 11 00 00 00 ae | 0D1B: cjne  r0,#$D8,$0D18
308 0d18 00 80 da 0000 b4 68 00 00 00 00 00 00 00 86 04 04 11 00 00 00 ae | 0D18: mov   @r0,#$FF
309 0d1a 00 80 da 0000 b4 68 00 00 00 00 00 00 00 86 04 04 11 00 00 00 ae | 0D1A: inc   r0
310 0d1b 00 80 da 0000 b5 68 00 00 00 00 00 00 00 86 04 04 11 00 00 00 ae | 0D1B: cjne  r0,#$D8,$0D18
311 0d18 00 80 da 0000 b5 68 00 00 00 00 00 00 00 86 04 04 11 00 00 00 ae | 0D18: mov   @r0,#$FF
312 0d1a 00 80 da 0000 b5 68 00 00 00 00 00 00 00 86 04 04 11 00 00 00 ae | 0D1A: inc   r0
313 0d1b 00 80 da 0000 b6 68 00 00 00 00 00 00 00 86 04 04 11 00 00 00 ae | 0D1B: cjne  r0,#$D8,$0D18
314 0d18 00 80 da 0000 b6 68 00 00 00 00 00 00 00 86 04 04 11 00 00 00 ae | 0D18: mov   @r0,#$FF
315 0d1a 00 80 da 0000 b6 68 00 00 00 00 00 00 00 86 04 04 11 00 00 00 ae | 0D1A: inc   r0
316 0d1b 00 80 da 0000 b7 68 00 00 00 00 00 00 00 86 04 04 11 00 00 00 ae | 0D1B: cjne  r0,#$D8,$0D18
317 0d18 00 80 da 0000 b7 68 00 00 00 00 00 00 00 86 04 04 11 00 00 00 ae | 0D18: mov   @r0,#$FF
318 0d1a 00 80 da 0000 b7 68 00 00 00 00 00 00 00 86 04 04 11 00 00 00 ae | 0D1A: inc   r0
319 0d1b 00 80 da 0000 b8 68 00 00 00 00 00 00 00 86 04 04 11 00 00 00 ae | 0D1B: cjne  r0,#$D8,$0D18
320 0d18 00 80 da 0000 b8 68 00 00 00 00 00 00 00 86 04 04 11 00 00 00 ae | 0D18: mov   @r0,#$FF
321 0d1a 00 80 da 0000 b8 68 00 00 00 00 00 00 00 86 04 04 11 00 00 00 ae | 0D1A: inc   r0
322 0d1b 00 80 da 0000 b9 68 00 00 00 00 00 00 00 86 04 04 11 00 00 00 ae | 0D1B: cjne  r0,#$D8,$0D18
323 0d18 00 80 da 0000 b9 68 00 00 00 00 00 00 00 86 04 04 11 00 00 00 ae | 0D18: mov   @r0,#$FF
324 0d1a 00 80 da 0000 b9 68 00 00 00 00 00 00 00 86 04 04 11 00 00 00 ae | 0D1A: inc   r0
325 0d1b 00 80 da 0000 ba 68 00 00 00 00 00 00 00 86 04 04 11 00 00 00 ae | 0D1B: cjne  r0,#$D8,$0D18
326 0d18 00 80 da 0000 ba 68 00 00 00 00 00 00 00 86 04 04 11 00 00 00 ae | 0D18: mov   @r0,#$FF
327 0d1a 00 80 da 0000 ba 68 00 00 00 00 00 00 00 86 04 04 11 00 00 00 ae | 0D1A: inc   r0
328 0d1b 00 80 da 0000 bb 68 00 00 00 00 00 00 00 86 04 04 11 00 00 00 ae | 0D1B: cjne  r0,#$D8,$0D18
329 0d18 00 80 da 0000 bb 68 00 00 00 00 00 00 00 86 04 04 11 00 00 00 ae | 0D18: mov   @r0,#$FF
330 0d1a 00 80 da 0000 bb 68 00 00 00 00 00 00 00 86 04 04 11 00 00 00 ae | 0D1A: inc   r0
331 0d1b 00 80 da 0000 bc 68 00 00 00 00 00 00 00 86 04 04 11 00 00 00 ae | 0D1B: cjne  r0,#$D8,$0D18
332 0d18 00 80 da 0000 bc 68 00 00 00 00 00 00 00 86 04 04 11 00 00 00 ae | 0D18: mov   @r0,#$FF
333 0d1a 00 80 da 0000 bc 68 00 00 00 00 00 00 00 86 04 04 11 00 00 00 ae | 0D1A: inc   r0
334 0d1b 00 80 da 0000 bd 68 00 00 00 00 00 00 00 86 04 04 11 00 00 00 ae | 0D1B: cjne  r0,#$D8,$0D18
335 0d18 00 80 da 0000 bd 68 00 00 00 00 00 00 00 86 04 04 11 00 00 00 ae | 0D18: mov   @r0,#$FF
336 0d1a 00 80 da 0000 bd 68 00 00 00 00 00 00 00 86 04 04 11 00 00 00 ae | 0D1A: inc   r0
337 0d1b 00 80 da 0000 be 68 00 00 00 00 00 00 00 86 04 04 11 00 00 00 ae | 0D1B: cjne  r0,#$D8,$0D18
338 0d18 00 80 da 0000 be 68 00 00 00 00 00 00 00 86 04 04 11 00 00 00 ae | 0D18: mov   @r0,#$FF
339 0d1a 00 80 da 0000 be 68 00 00 00 00 00 00 00 86 04 04 11 00 00 00 ae | 0D1A: inc   r0
340 0d1b 00 80 da 0000 bf 68 00 00 00 00 00 00 00 86 04 04 11 00 00 00 ae | 0D1B: cjne  r0,#$D8,$0D18
341 0d18 00 80 da 0000 bf 68 00 00 00 00 00 00 00 86 04 04 11 00 00 00 ae | 0D18: mov   @r0,#$FF
342 0d1a 00 80 da 0000 bf 68 00 00 00 00 00 00 00 86 04 04 11 00 00 00 ae | 0D1A: inc   r0
343 0d1b 00 80 da 0000 c0 68 00 00 00 00 00 00 00 86 04 04 11 00 00 00 ae | 0D1B: cjne  r0,#$D8,$0D18
344 0d18 00 80 da 0000 c0 68 00 00 00 00 00 00 00 86 04 04 11 00 00 00 ae | 0D18: mov   @r0,#$FF
345 0d1a 00 80 da 0000 c0 68 00 00 00 00 00 00 00 86 04 04 11 00 00 00 ae | 0D1A: inc   r0
346 0d1b 00 80 da 0000 c1 68 00 00 00 00 00 00 00 86 04 04 11 00 00 00 ae | 0D1B: cjne  r0,#$D8,$0D18
347 0d18 00 80 da 0000 c1 68 00 00 00 00 00 00 00 86 04 04 11 00 00 00 ae | 0D18: mov   @r0,#$FF
348 0d1a 00 80 da 0000 c1 68 00 00 00 00 00 00 00 86 04 04 11 00 00 00 ae | 0D1A: inc   r0
349 0d1b 00 80 da 0000 c2 68 00 00 00 00 00 00 00 86 04 04 11 00 00 00 ae | 0D1B: cjne  r0,#$D8,$0D18
350 0d18 00 80 da 0000 c2 68 00 00 00 00 00 00 00 86 04 04 11 00 00 00 ae | 0D18: mov   @r0,#$FF
351 0d1a 00 80 da 0000 c2 68 00 00 00 00 00 00 00 86 04 04 11 00 00 00 ae | 0D1A: inc   r0
352 0d1b 00 80 da 0000 c3 68 00 00 00 00 00 00 00 86 04 04 11 00 00 00 ae | 0D1B: cjne  r0,#$D8,$0D18
353 0d18 00 80 da 0000 c3 68 00 00 00 00 00 00 00 86 04 04 11 00 00 00 ae | 0D18: mov   @r0,#$FF
354 0d1a 00 80 da 0000 c3 68 00 00 00 00 00 00 00 86 04 04 11 00 00 00 ae | 0D1A: inc   r0
355 0d1b 00 80 da 0000 c4 68 00 00 00 00 00 00 00 86 04 04 11 00 00 00 ae | 0D1B: cjne  r0,#$D8,$0D18
356 0d18 00 80 da 0000 c4 68 00 00 00 00 00 00 00 86 04 04 11 00 00 00 ae | 0D18: mov   @r0,#$FF
357 0d1a 00 80 da 0000 c4 68 00 00 00 00 00 00 00 86 04 04 11 00 00 00 ae | 0D1A: inc   r0
358 0d1b 00 80 da 0000 c5 68 00 00 00 00 00 00 00 86 04 04 11 00 00 00 ae | 0D1B: cjne  r0,#$D8,$0D18
359 0d18 00 80 da 0000 c5 68 00 00 00 00 00 00 00 86 04 04 11 00 00 00 ae | 0D18: mov   @r0,#$FF
360 0d1a 00 80 da 0000 c5 68 00 00 00 00 00 00 00 86 04 04 11 00 00 00 ae | 0D1A: inc   r0
361 0d1b 00 80 da 0000 c6 68 00 00 00 00 00 00 00 86 04 04 11 00 00 00 ae | 0D1B: cjne  r0,#$D8,$0D18
362 0d18 00 80 da 0000 c6 68 00 00 00 00 00 00 00 86 04 04 11 00 00 00 ae | 0D18: mov   @r0,#$FF
363 0d1a 00 80 da 0000 c6 68 00 00 00 00 00 00 00 86 04 04 11 00 00 00 ae | 0D1A: inc   r0
364 0d1b 00 80 da 0000 c7 68 00 00 00 00 00 00 00 86 04 04 11 00 00 00 ae | 0D1B: cjne  r0,#$D8,$0D18
365 0d18 00 80 da 0000 c7 68 00 00 00 00 00 00 00 86 04 04 11 00 00 00 ae | 0D18: mov   @r0,#$FF
366 0d1a 00 80 da 0000 c7 68 00 00 00 00 00 00 00 86 04 04 11 00 00 00 ae | 0D1A: inc   r0
367 0d1b 00 80 da 0000 c8 68 00 00 00 00 00 00 00 86 04 04 11 00 00 00 ae | 0D1B: cjne  r0,#$D8,$0D18
368 0d18 00 80 da 0000 c8 68 00 00 00 00 00 00 00 86 04 04 11 00 00 00 ae | 0D18: mov   @r0,#$FF
369 0d1a 00 80 da 0000 c8 68 00 00 00 00 00 00 00 86 04 04 11 00 00 00 ae | 0D1A: inc   r0
370 0d1b 00 80 da 0000 c9 68 00 00 00 00 00 00 00 86 04 04 11 00 00 00 ae | 0D1B: cjne  r0,#$D8,$0D18
371 0d18 00 80 da 0000 c9 68 00 00 00 00 00 00 00 86 04 04 11 00 00 00 ae | 0D18: mov   @r0,#$FF
372 0d1a 00 80 da 0000 c9 68 00 00 00 00 00 00 00 86 04 04 11 00 00 00 ae | 0D1A: inc   r0
373 0d1b 00 80 da 0000 ca 68 00 00 00 00 00 00 00 86 04 04 11 00 00 00 ae | 0D1B: cjne  r0,#$D8,$0D18
374 0d18 00 80 da 0000 ca 68 00 00 00 00 00 00 00 86 04 04 11 00 00 00 ae | 0D18: mov   @r0,#$FF
375 0d1a 00 80 da 0000 ca 68 00 00 00 00 00 00 00 86 04 04 11 00 00 00 ae | 0D1A: inc   r0
376 0d1b 00 80 da 0000 cb 68 00 00 00 00 00 00 00 86 04 04 11 00 00 00 ae | 0D1B: cjne  r0,#$D8,$0D18
377 0d18 00 80 da 0000 cb 68 00 00 00 00 00 00 00 86 04 04 11 00 00 00 ae | 0D18: mov   @r0,#$FF
378 0d1a 00 80 da 0000 cb 68 00 00 00 00 00 00 00 86 04 04 11 00 00 00 ae | 0D1A: inc   r0
379 0d1b 00 80 da 0000 cc 68 00 00 00 00 00 00 00 86 04 04 11 00 00 00 ae | 0D1B: cjne  r0,#$D8,$0D18
380 0d18 00 80 da 0000 cc 68 00 00 00 00 00 00 00 86 04 04 11 00 00 00 ae | 0D18: mov   @r0,#$FF
381 0d1a 00 80 da 0000 cc 68 00 00 00 00 00 00 00 86 04 04 11 00 00 00 ae | 0D1A: inc   r0
382 0d1b 00 80 da 0000 cd 68 00 00 00 00 00 00 00 86 04 04 11 00 00 00 ae | 0D1B: cjne  r0,#$D8,$0D18
383 0d18 00 80 da 0000 cd 68 00 00 00 00 00 00 00 86 04 04 11 00 00 00 ae | 0D18: mov   @r0,#$FF
384 0d1a 00 80 da 0000 cd 68 00 00 00 00 00 00 00 86 04 04 11 00 00 00 ae | 0D1A: inc   r0
385 0d1b 00 80 da 0000 ce 68 00 00 00 00 00 00 00 86 04 04 11 00 00 00 ae | 0D1B: cjne  r0,#$D8,$0D18
386 0d18 00 80 da 0000 ce 68 00 00 00 00 00 00 00 86 04 04 11 00 00 00 ae | 0D18: mov   @r0,#$FF
387 0d1a 00 80 da 0000 ce 68 00 00 00 00 00 00 00 86 04 04 11 00 00 00 ae | 0D1A: inc   r0
388 0d1b 00 80 da 0000 cf 68 00 00 00 00 00 00 00 86 04 04 11 00 00 00 ae | 0D1B: cjne  r0,#$D8,$0D18
389 0d18 00 80 da 0000 cf 68 00 00 00 00 00 00 00 86 04 04 11 00 00 00 ae | 0D18: mov   @r0,#$FF
390 0d1a 00 80 da 0000 cf 68 00 00 00 00 00 00 00 86 04 04 11 00 00 00 ae | 0D1A: inc   r0
391 0d1b 00 80 da 0000 d0 68 00 00 00 00 00 00 00 86 04 04 11 00 00 00 ae | 0D1B: cjne  r0,#$D8,$0D18
392 0d18 00 80 da 0000 d0 68 00 00 00 00 00 00 00 86 04 04 11 00 00 00 ae | 0D18: mov   @r0,#$FF
393 0d1a 00 80 da 0000 d0 68 00 00 00 00 00 00 00 86 04 04 11 00 00 00 ae | 0D1A: inc   r0
394 0d1b 00 80 da 0000 d1 68 00 00 00 00 00 00 00 86 04 04 11 00 00 00 ae | 0D1B: cjne  r0,#$D8,$0D18
395 0d18 00 80 da 0000 d1 68 00 00 00 00 00 00 00 86 04 04 11 00 00 00 ae | 0D18: mov   @r0,#$FF
396 0d1a 00 80 da 0000 d1 68 00 00 00 00 00 00 00 86 04 04 11 00 00 00 ae | 0D1A: inc   r0
397 0d1b 00 80 da 0000 d2 68 00 00 00 00 00 00 00 86 04 04 11 00 00 00 ae | 0D1B: cjne  r0,#$D8,$0D18
398 0d18 00 80 da 0000 d2 68 00 00 00 00 00 00 00 86 04 04 11 00 00 00 ae | 0D18: mov   @r0,#$FF
399 0d1a 00 80 da 0000 d2 68 00 00 00 00 00 00 00 86 04 04 11 00 00 00 ae | 0D1A: inc   r0
400 0d1b 00 80 da 0000 d3 68 00 00 00 00 00 00 00 86 04 04 11 00 00 00 ae | 0D1B: cjne  r0,#$D8,$0D18
401 0d18 00 80 da 0000 d3 68 00 00 00 00 00 00 00 86 04 04 11 00 00 00 ae | 0D18: mov   @r0,#$FF
402 0d1a 00 80 da 0000 d3 68 00 00 00 00 00 00 00 86 04 04 11 00 00 00 ae | 0D1A: inc   r0
403 0d1b 00 80 da 0000 d4 68 00 00 00 00 00 00 00 86 04 04 11 00 00 00 ae | 0D1B: cjne  r0,#$D8,$0D18
404 0d18 00 80 da 0000 d4 68 00 00 00 00 00 00 00 86 04 04 11 00 00 00 ae | 0D18: mov   @r0,#$FF
405 0d1a 00 80 da 0000 d4 68 00 00 00 00 00 00 00 86 04 04 11 00 00 00 ae | 0D1A: inc   r0
406 0d1b 00 80 da 0000 d5 68 00 00 00 00 00 00 00 86 04 04 11 00 00 00 ae | 0D1B: cjne  r0,#$D8,$0D18
407 0d18 00 80 da 0000 d5 68 00 00 00 00 00 00 00 86 04 04 11 00 00 00 ae | 0D18: mov   @r0,#$FF
408 0d1a 00 80 da 0000 d5 68 00 00 00 00 00 00 00 86 04 04 11 00 00 00 ae | 0D1A: inc   r0
409 0d1b 00 80 da 0000 d6 68 00 00 00 00 00 00 00 86 04 04 11 00 00 00 ae | 0D1B: cjne  r0,#$D8,$0D18
410 0d18 00 80 da 0000 d6 68 00 00 00 00 00 00 00 86 04 04 11 00 00 00 ae | 0D18: mov   @r0,#$FF
411 0d1a 00 80 da 0000 d6 68 00 00 00 00 00 00 00 86 04 04 11 00 00 00 ae | 0D1A: inc   r0
412 0d1b 00 80 da 0000 d7 68 00 00 00 00 00 00 00 86 04 04 11 00 00 00 ae | 0D1B: cjne  r0,#$D8,$0D18
413 0d18 00 80 da 0000 d7 68 00 00 00 00 00 00 00 86 04 04 11 00 00 00 ae | 0D18: mov   @r0,#$FF
414 0d1a 00 80 da 0000 d7 68 00 00 00 00 00 00 00 86 04 04 11 00 00 00 ae | 0D1A: inc   r0
415 0d1b 00 80 da 0000 d8 68 00 00 00 00 00 00 00 86 04 04 11 00 00 00 ae | 0D1B: cjne  r0,#$D8,$0D18
416 0d1e 00 00 da 0000 d8 68 00 00 00 00 00 00 00 86 04 04 11 00 00 00 ae | 0D1E: ret
417 0071 00 00 d8 0000 d8 68 00 00 00 00 00 00 00 86 04 04 11 00 00 00 ae | 0071: lcall $0D1F
418 0d1f 00 00 da 0000 d8 68 00 00 00 00 00 00 00 86 04 04 11 00 00 00 ae | 0D1F: mov   p2,#$00
419 0d22 00 00 da 0000 d8 68 00 00 00 00 00 00 00 86 04 04 11 00 00 00 ae | 0D22: mov   r0,#$00
420 0d24 00 00 da 0000 00 68 00 00 00 00 00 00 00 86 04 04 11 00 00 00 ae | 0D24: mov   r1,#$20
421 0d26 00 00 da 0000 00 20 00 00 00 00 00 00 00 86 04 04 11 00 00 00 ae | 0D26: mov   a,#$00
422 0d28 00 00 da 0000 00 20 00 00 00 00 00 00 00 86 04 04 11 00 00 00 ae | 0D28: movx  @r0,a
423 0d29 00 00 da 0000 00 20 00 00 00 00 00 00 00 86 04 04 11 00 00 00 ae | 0D29: movx  @r1,a
424 0d2a 00 00 da 0000 00 20 00 00 00 00 00 00 00 86 04 04 11 00 00 00 ae | 0D2A: inc   r0
425 0d2b 00 00 da 0000 01 20 00 00 00 00 00 00 00 86 04 04 11 00 00 00 ae | 0D2B: inc   r1
426 0d2c 00 00 da 0000 01 21 00 00 00 00 00 00 00 86 04 04 11 00 00 00 ae | 0D2C: cjne  r0,#$10,$0D28
427 0d28 00 80 da 0000 01 21 00 00 00 00 00 00 00 86 04 04 11 00 00 00 ae | 0D28: movx  @r0,a
428 0d29 00 80 da 0000 01 21 00 00 00 00 00 00 00 86 04 04 11 00 00 00 ae | 0D29: movx  @r1,a
429 0d2a 00 80 da 0000 01 21 00 00 00 00 00 00 00 86 04 04 11 00 00 00 ae | 0D2A: inc   r0
430 0d2b 00 80 da 0000 02 21 00 00 00 00 00 00 00 86 04 04 11 00 00 00 ae | 0D2B: inc   r1
431 0d2c 00 80 da 0000 02 22 00 00 00 00 00 00 00 86 04 04 11 00 00 00 ae | 0D2C: cjne  r0,#$10,$0D28
432 0d28 00 80 da 0000 02 22 00 00 00 00 00 00 00 86 04 04 11 00 00 00 ae | 0D28: movx  @r0,a
433 0d29 00 80 da 0000 02 22 00 00 00 00 00 00 00 86 04 04 11 00 00 00 ae | 0D29: movx  @r1,a
434 0d2a 00 80 da 0000 02 22 00 00 00 00 00 00 00 86 04 04 11 00 00 00 ae | 0D2A: inc   r0
435 0d2b 00 80 da 0000 03 22 00 00 00 00 00 00 00 86 04 04 11 00 00 00 ae | 0D2B: inc   r1
436 0d2c 00 80 da 0000 03 23 00 00 00 00 00 00 00 86 04 04 11 00 00 00 ae | 0D2C: cjne  r0,#$10,$0D28
437 0d28 00 80 da 0000 03 23 00 00 00 00 00 00 00 86 04 04 11 00 00 00 ae | 0D28: movx  @r0,a
438 0d29 00 80 da 0000 03 23 00 00 00 00 00 00 00 86 04 04 11 00 00 00 ae | 0D29: movx  @r1,a
439 0d2a 00 80 da 0000 03 23 00 00 00 00 00 00 00 86 04 04 11 00 00 00 ae | 0D2A: inc   r0
440 0d2b 00 80 da 0000 04 23 00 00 00 00 00 00 00 86 04 04 11 00 00 00 ae | 0D2B: inc   r1
441 0d2c 00 80 da 0000 04 24 00 00 00 00 00 00 00 86 04 04 11 00 00 00 ae | 0D2C: cjne  r0,#$10,$0D28
442 0d28 00 80 da 0000 04 24 00 00 00 00 00 00 00 86 04 04 11 00 00 00 ae | 0D28: movx  @r0,a
443 0d29 00 80 da 0000 04 24 00 00 00 00 00 00 00 86 04 04 11 00 00 00 ae | 0D29: movx  @r1,a
444 0d2a 00 80 da 0000 04 24 00 00 00 00 00 00 00 86 04 04 11 00 00 00 ae | 0D2A: inc   r0
445 0d2b 00 80 da 0000 05 24 00 00 00 00 00 00 00 86 04 04 11 00 00 00 ae | 0D2B: inc   r1
446 0d2c 00 80 da 0000 05 25 00 00 00 00 00 00 00 86 04 04 11 00 00 00 ae | 0D2C: cjne  r0,#$10,$0D28
447 0d28 00 80 da 0000 05 25 00 00 00 00 00 00 00 86 04 04 11 00 00 00 ae | 0D28: movx  @r0,a
448 0d29 00 80 da 0000 05 25 00 00 00 00 00 00 00 86 04 04 11 00 00 00 ae | 0D29: movx  @r1,a
449 0d2a 00 80 da 0000 05 25 00 00 00 00 00 00 00 86 04 04 11 00 00 00 ae | 0D2A: inc   r0
450 0d2b 00 80 da 0000 06 25 00 00 00 00 00 00 00 86 04 04 11 00 00 00 ae | 0D2B: inc   r1
451 0d2c 00 80 da 0000 06 26 00 00 00 00 00 00 00 86 04 04 11 00 00 00 ae | 0D2C: cjne  r0,#$10,$0D28
452 0d28 00 80 da 0000 06 26 00 00 00 00 00 00 00 86 04 04 11 00 00 00 ae | 0D28: movx  @r0,a
453 0d29 00 80 da 0000 06 26 00 00 00 00 00 00 00 86 04 04 11 00 00 00 ae | 0D29: movx  @r1,a
454 0d2a 00 80 da 0000 06 26 00 00 00 00 00 00 00 86 04 04 11 00 00 00 ae | 0D2A: inc   r0
455 0d2b 00 80 da 0000 07 26 00 00 00 00 00 00 00 86 04 04 11 00 00 00 ae | 0D2B: inc   r1
456 0d2c 00 80 da 0000 07 27 00 00 00 00 00 00 00 86 04 04 11 00 00 00 ae | 0D2C: cjne  r0,#$10,$0D28
457 0d28 00 80 da 0000 07 27 00 00 00 00 00 00 00 86 04 04 11 00 00 00 ae | 0D28: movx  @r0,a
458 0d29 00 80 da 0000 07 27 00 00 00 00 00 00 00 86 04 04 11 00 00 00 ae | 0D29: movx  @r1,a
459 0d2a 00 80 da 0000 07 27 00 00 00 00 00 00 00 86 04 04 11 00 00 00 ae | 0D2A: inc   r0
460 0d2b 00 80 da 0000 08 27 00 00 00 00 00 00 00 86 04 04 11 00 00 00 ae | 0D2B: inc   r1
461 0d2c 00 80 da 0000 08 28 00 00 00 00 00 00 00 86 04 04 11 00 00 00 ae | 0D2C: cjne  r0,#$10,$0D28
462 0d28 00 80 da 0000 08 28 00 00 00 00 00 00 00 86 04 04 11 00 00 00 ae | 0D28: movx  @r0,a
463 0d29 00 80 da 0000 08 28 00 00 00 00 00 00 00 86 04 04 11 00 00 00 ae | 0D29: movx  @r1,a
464 0d2a 00 80 da 0000 08 28 00 00 00 00 00 00 00 86 04 04 11 00 00 00 ae | 0D2A: inc   r0
465 0d2b 00 80 da 0000 09 28 00 00 00 00 00 00 00 86 04 04 11 00 00 00 ae | 0D2B: inc   r1
466 0d2c 00 80 da 0000 09 29 00 00 00 00 00 00 00 86 04 04 11 00 00 00 ae | 0D2C: cjne  r0,#$10,$0D28
467 0d28 00 80 da 0000 09 29 00 00 00 00 00 00 00 86 04 04 11 00 00 00 ae | 0D28: movx  @r0,a
468 0d29 00 80 da 0000 09 29 00 00 00 00 00 00 00 86 04 04 11 00 00 00 ae | 0D29: movx  @r1,a
469 0d2a 00 80 da 0000 09 29 00 00 00 00 00 00 00 86 04 04 11 00 00 00 ae | 0D2A: inc   r0
470 0d2b 00 80 da 0000 0a 29 00 00 00 00 00 00 00 86 04 04 11 00 00 00 ae | 0D2B: inc   r1
471 0d2c 00 80 da 0000 0a 2a 00 00 00 00 00 00 00 86 04 04 11 00 00 00 ae | 0D2C: cjne  r0,#$10,$0D28
472 0d28 00 80 da 0000 0a 2a 00 00 00 00 00 00 00 86 04 04 11 00 00 00 ae | 0D28: movx  @r0,a
473 0d29 00 80 da 0000 0a 2a 00 00 00 00 00 00 00 86 04 04 11 00 00 00 ae | 0D29: movx  @r1,a
474 0d2a 00 80 da 0000 0a 2a 00 00 00 00 00 00 00 86 04 04 11 00 00 00 ae | 0D2A: inc   r0
475 0d2b 00 80 da 0000 0b 2a 00 00 00 00 00 00 00 86 04 04 11 00 00 00 ae | 0D2B: inc   r1
476 0d2c 00 80 da 0000 0b 2b 00 00 00 00 00 00 00 86 04 04 11 00 00 00 ae | 0D2C: cjne  r0,#$10,$0D28
477 0d28 00 80 da 0000 0b 2b 00 00 00 00 00 00 00 86 04 04 11 00 00 00 ae | 0D28: movx  @r0,a
478 0d29 00 80 da 0000 0b 2b 00 00 00 00 00 00 00 86 04 04 11 00 00 00 ae | 0D29: movx  @r1,a
479 0d2a 00 80 da 0000 0b 2b 00 00 00 00 00 00 00 86 04 04 11 00 00 00 ae | 0D2A: inc   r0
480 0d2b 00 80 da 0000 0c 2b 00 00 00 00 00 00 00 86 04 04 11 00 00 00 ae | 0D2B: inc   r1
481 0d2c 00 80 da 0000 0c 2c 00 00 00 00 00 00 00 86 04 04 11 00 00 00 ae | 0D2C: cjne  r0,#$10,$0D28
482 0d28 00 80 da 0000 0c 2c 00 00 00 00 00 00 00 86 04 04 11 00 00 00 ae | 0D28: movx  @r0,a
483 0d29 00 80 da 0000 0c 2c 00 00 00 00 00 00 00 86 04 04 11 00 00 00 ae | 0D29: movx  @r1,a
484 0d2a 00 80 da 0000 0c 2c 00 00 00 00 00 00 00 86 04 04 11 00 00 00 ae | 0D2A: inc   r0
485 0d2b 00 80 da 0000 0d 2c 00 00 00 00 00 00 00 86 04 04 11 00 00 00 ae | 0D2B: inc   r1
486 0d2c 00 80 da 0000 0d 2d 00 00 00 00 00 00 00 86 04 04 11 00 00 00 ae | 0D2C: cjne  r0,#$10,$0D28
487 0d28 00 80 da 0000 0d 2d 00 00 00 00 00 00 00 86 04 04 11 00 00 00 ae | 0D28: movx  @r0,a
488 0d29 00 80 da 0000 0d 2d 00 00 00 00 00 00 00 86 04 04 11 00 00 00 ae | 0D29: movx  @r1,a
489 0d2a 00 80 da 0000 0d 2d 00 00 00 00 00 00 00 86 04 04 11 00 00 00 ae | 0D2A: inc   r0
490 0d2b 00 80 da 0000 0e 2d 00 00 00 00 00 00 00 86 04 04 11 00 00 00 ae | 0D2B: inc   r1
491 0d2c 00 80 da 0000 0e 2e 00 00 00 00 00 00 00 86 04 04 11 00 00 00 ae | 0D2C: cjne  r0,#$10,$0D28
492 0d28 00 80 da 0000 0e 2e 00 00 00 00 00 00 00 86 04 04 11 00 00 00 ae | 0D28: movx  @r0,a
493 0d29 00 80 da 0000 0e 2e 00 00 00 00 00 00 00 86 04 04 11 00 00 00 ae | 0D29: movx  @r1,a
494 0d2a 00 80 da 0000 0e 2e 00 00 00 00 00 00 00 86 04 04 11 00 00 00 ae | 0D2A: inc   r0
495 0d2b 00 80 da 0000 0f 2e 00 00 00 00 00 00 00 86 04 04 11 00 00 00 ae | 0D2B: inc   r1
496 0d2c 00 80 da 0000 0f 2f 00 00 00 00 00 00 00 86 04 04 11 00 00 00 ae | 0D2C: cjne  r0,#$10,$0D28
497 0d28 00 80 da 0000 0f 2f 00 00 00 00 00 00 00 86 04 04 11 00 00 00 ae | 0D28: movx  @r0,a
498 0d29 00 80 da 0000 0f 2f 00 00 00 00 00 00 00 86 04 04 11 00 00 00 ae | 0D29: movx  @r1,a
499 0d2a 00 80 da 0000 0f 2f 00 00 00 00 00 00 00 86 04 04 11 00 00 00 ae | 0D2A: inc   r0
500 0d2b 00 80 da 0000 10 2f 00 00 00 00 00 00 00 86 04 04 11 00 00 00 ae | 0D2B: inc   r1
501 0d2c 00 80 da 0000 10 30 00 00 00 00 00 00 00 86 04 04 11 00 00 00 ae | 0D2C: cjne  r0,#$10,$0D28
502 0d2f 00 00 da 0000 10 30 00 00 00 00 00 00 00 86 04 04 11 00 00 00 ae | 0D2F: mov   a,#$40
503 0d31 40 01 da 0000 10 30 00 00 00 00 00 00 00 86 04 04 11 00 00 00 ae | 0D31: movx  @r0,a
504 0d32 40 01 da 0000 10 30 00 00 00 00 00 00 00 86 04 04 11 00 00 00 ae | 0D32: inc   r0
505 0d33 40 01 da 0000 11 30 00 00 00 00 00 00 00 86 04 04 11 00 00 00 ae | 0D33: cjne  r0,#$20,$0D31
506 0d31 40 81 da 0000 11 30 00 00 00 00 00 00 00 86 04 04 11 00 00 00 ae | 0D31: movx  @r0,a
507 0d32 40 81 da 0000 11 30 00 00 00 00 00 00 00 86 04 04 11 00 00 00 ae | 0D32: inc   r0
508 0d33 40 81 da 0000 12 30 00 00 00 00 00 00 00 86 04 04 11 00 00 00 ae | 0D33: cjne  r0,#$20,$0D31
509 0d31 40 81 da 0000 12 30 00 00 00 00 00 00 00 86 04 04 11 00 00 00 ae | 0D31: movx  @r0,a
510 0d32 40 81 da 0000 12 30 00 00 00 00 00 00 00 86 04 04 11 00 00 00 ae | 0D32: inc   r0
511 0d33 40 81 da 0000 13 30 00 00 00 00 00 00 00 86 04 04 11 00 00 00 ae | 0D33: cjne  r0,#$20,$0D31
512 0d31 40 81 da 0000 13 30 00 00 00 00 00 00 00 86 04 04 11 00 00 00 ae | 0D31: movx  @r0,a
513 0d32 40 81 da 0000 13 30 00 00 00 00 00 00 00 86 04 04 11 00 00 00 ae | 0D32: inc   r0
514 0d33 40 81 da 0000 14 30 00 00 00 00 00 00 00 86 04 04 11 00 00 00 ae | 0D33: cjne  r0,#$20,$0D31
515 0d31 40 81 da 0000 14 30 00 00 00 00 00 00 00 86 04 04 11 00 00 00 ae | 0D31: movx  @r0,a
516 0d32 40 81 da 0000 14 30 00 00 00 00 00 00 00 86 04 04 11 00 00 00 ae | 0D32: inc   r0
517 0d33 40 81 da 0000 15 30 00 00 00 00 00 00 00 86 04 04 11 00 00 00 ae | 0D33: cjne  r0,#$20,$0D31
518 0d31 40 81 da 0000 15 30 00 00 00 00 00 00 00 86 04 04 11 00 00 00 ae | 0D31: movx  @r0,a
519 0d32 40 81 da 0000 15 30 00 00 00 00 00 00 00 86 04 04 11 00 00 00 ae | 0D32: inc   r0
520 0d33 40 81 da 0000 16 30 00 00 00 00 00 00 00 86 04 04 11 00 00 00 ae | 0D33: cjne  r0,#$20,$0D31
521 0d31 40 81 da 0000 16 30 00 00 00 00 00 00 00 86 04 04 11 00 00 00 ae | 0D31: movx  @r0,a
522 0d32 40 81 da 0000 16 30 00 00 00 00 00 00 00 86 04 04 11 00 00 00 ae | 0D32: inc   r0
523 0d33 40 81 da 0000 17 30 00 00 00 00 00 00 00 86 04 04 11 00 00 00 ae | 0D33: cjne  r0,#$20,$0D31
524 0d31 40 81 da 0000 17 30 00 00 00 00 00 00 00 86 04 04 11 00 00 00 ae | 0D31: movx  @r0,a
525 0d32 40 81 da 0000 17 30 00 00 00 00 00 00 00 86 04 04 11 00 00 00 ae | 0D32: inc   r0
526 0d33 40 81 da 0000 18 30 00 00 00 00 00 00 00 86 04 04 11 00 00 00 ae | 0D33: cjne  r0,#$20,$0D31
527 0d31 40 81 da 0000 18 30 00 00 00 00 00 00 00 86 04 04 11 00 00 00 ae | 0D31: movx  @r0,a
528 0d32 40 81 da 0000 18 30 00 00 00 00 00 00 00 86 04 04 11 00 00 00 ae | 0D32: inc   r0
529 0d33 40 81 da 0000 19 30 00 00 00 00 00 00 00 86 04 04 11 00 00 00 ae | 0D33: cjne  r0,#$20,$0D31
530 0d31 40 81 da 0000 19 30 00 00 00 00 00 00 00 86 04 04 11 00 00 00 ae | 0D31: movx  @r0,a
531 0d32 40 81 da 0000 19 30 00 00 00 00 00 00 00 86 04 04 11 00 00 00 ae | 0D32: inc   r0
532 0d33 40 81 da 0000 1a 30 00 00 00 00 00 00 00 86 04 04 11 00 00 00 ae | 0D33: cjne  r0,#$20,$0D31
533 0d31 40 81 da 0000 1a 30 00 00 00 00 00 00 00 86 04 04 11 00 00 00 ae | 0D31: movx  @r0,a
534 0d32 40 81 da 0000 1a 30 00 00 00 00 00 00 00 86 04 04 11 00 00 00 ae | 0D32: inc   r0
535 0d33 40 81 da 0000 1b 30 00 00 00 00 00 00 00 86 04 04 11 00 00 00 ae | 0D33: cjne  r0,#$20,$0D31
536 0d31 40 81 da 0000 1b 30 00 00 00 00 00 00 00 86 04 04 11 00 00 00 ae | 0D31: movx  @r0,a
537 0d32 40 81 da 0000 1b 30 00 00 00 00 00 00 00 86 04 04 11 00 00 00 ae | 0D32: inc   r0
538 0d33 40 81 da 0000 1c 30 00 00 00 00 00 00 00 86 04 04 11 00 00 00 ae | 0D33: cjne  r0,#$20,$0D31
539 0d31 40 81 da 0000 1c 30 00 00 00 00 00 00 00 86 04 04 11 00 00 00 ae | 0D31: movx  @r0,a
540 0d32 40 81 da 0000 1c 30 00 00 00 00 00 00 00 86 04 04 11 00 00 00 ae | 0D32: inc   r0
541 0d33 40 81 da 0000 1d 30 00 00 00 00 00 00 00 86 04 04 11 00 00 00 ae | 0D33: cjne  r0,#$20,$0D31
542 0d31 40 81 da 0000 1d 30 00 00 00 00 00 00 00 86 04 04 11 00 00 00 ae | 0D31: movx  @r0,a
543 0d32 40 81 da 0000 1d 30 00 00 00 00 00 00 00 86 04 04 11 00 00 00 ae | 0D32: inc   r0
544 0d33 40 81 da 0000 1e 30 00 00 00 00 00 00 00 86 04 04 11 00 00 00 ae | 0D33: cjne  r0,#$20,$0D31
545 0d31 40 81 da 0000 1e 30 00 00 00 00 00 00 00 86 04 04 11 00 00 00 ae | 0D31: movx  @r0,a
546 0d32 40 81 da 0000 1e 30 00 00 00 00 00 00 00 86 04 04 11 00 00 00 ae | 0D32: inc   r0
547 0d33 40 81 da 0000 1f 30 00 00 00 00 00 00 00 86 04 04 11 00 00 00 ae | 0D33: cjne  r0,#$20,$0D31
548 0d31 40 81 da 0000 1f 30 00 00 00 00 00 00 00 86 04 04 11 00 00 00 ae | 0D31: movx  @r0,a
549 0d32 40 81 da 0000 1f 30 00 00 00 00 00 00 00 86 04 04 11 00 00 00 ae | 0D32: inc   r0
550 0d33 40 81 da 0000 20 30 00 00 00 00 00 00 00 86 04 04 11 00 00 00 ae | 0D33: cjne  r0,#$20,$0D31
551 0d36 40 01 da 0000 20 30 00 00 00 00 00 00 00 86 04 04 11 00 00 00 ae | 0D36: mov   a,#$00
552 0d38 00 00 da 0000 20 30 00 00 00 00 00 00 00 86 04 04 11 00 00 00 ae | 0D38: movx  @r0,a
553 0d39 00 00 da 0000 20 30 00 00 00 00 00 00 00 86 04 04 11 00 00 00 ae | 0D39: inc   r0
554 0d3a 00 00 da 0000 21 30 00 00 00 00 00 00 00 86 04 04 11 00 00 00 ae | 0D3A: cjne  r0,#$40,$0D38
555 0d38 00 80 da 0000 21 30 00 00 00 00 00 00 00 86 04 04 11 00 00 00 ae | 0D38: movx  @r0,a
556 0d39 00 80 da 0000 21 30 00 00 00 00 00 00 00 86 04 04 11 00 00 00 ae | 0D39: inc   r0
557 0d3a 00 80 da 0000 22 30 00 00 00 00 00 00 00 86 04 04 11 00 00 00 ae | 0D3A: cjne  r0,#$40,$0D38
558 0d38 00 80 da 0000 22 30 00 00 00 00 00 00 00 86 04 04 11 00 00 00 ae | 0D38: movx  @r0,a
559 0d39 00 80 da 0000 22 30 00 00 00 00 00 00 00 86 04 04 11 00 00 00 ae | 0D39: inc   r0
560 0d3a 00 80 da 0000 23 30 00 00 00 00 00 00 00 86 04 04 11 00 00 00 ae | 0D3A: cjne  r0,#$40,$0D38
561 0d38 00 80 da 0000 23 30 00 00 00 00 00 00 00 86 04 04 11 00 00 00 ae | 0D38: movx  @r0,a
562 0d39 00 80 da 0000 23 30 00 00 00 00 00 00 00 86 04 04 11 00 00 00 ae | 0D39: inc   r0
563 0d3a 00 80 da 0000 24 30 00 00 00 00 00 00 00 86 04 04 11 00 00 00 ae | 0D3A: cjne  r0,#$40,$0D38
564 0d38 00 80 da 0000 24 30 00 00 00 00 00 00 00 86 04 04 11 00 00 00 ae | 0D38: movx  @r0,a
565 0d39 00 80 da 0000 24 30 00 00 00 00 00 00 00 86 04 04 11 00 00 00 ae | 0D39: inc   r0
566 0d3a 00 80 da 0000 25 30 00 00 00 00 00 00 00 86 04 04 11 00 00 00 ae | 0D3A: cjne  r0,#$40,$0D38
567 0d38 00 80 da 0000 25 30 00 00 00 00 00 00 00 86 04 04 11 00 00 00 ae | 0D38: movx  @r0,a
568 0d39 00 80 da 0000 25 30 00 00 00 00 00 00 00 86 04 04 11 00 00 00 ae | 0D39: inc   r0
569 0d3a 00 80 da 0000 26 30 00 00 00 00 00 00 00 86 04 04 11 00 00 00 ae | 0D3A: cjne  r0,#$40,$0D38
570 0d38 00 80 da 0000 26 30 00 00 00 00 00 00 00 86 04 04 11 00 00 00 ae | 0D38: movx  @r0,a
571 0d39 00 80 da 0000 26 30 00 00 00 00 00 00 00 86 04 04 11 00 00 00 ae | 0D39: inc   r0
572 0d3a 00 80 da 0000 27 30 00 00 00 00 00 00 00 86 04 04 11 00 00 00 ae | 0D3A: cjne  r0,#$40,$0D38
573 0d38 00 80 da 0000 27 30 00 00 00 00 00 00 00 86 04 04 11 00 00 00 ae | 0D38: movx  @r0,a
574 0d39 00 80 da 0000 27 30 00 00 00 00 00 00 00 86 04 04 11 00 00 00 ae | 0D39: inc   r0
575 0d3a 00 80 da 0000 28 30 00 00 00 00 00 00 00 86 04 04 11 00 00 00 ae | 0D3A: cjne  r0,#$40,$0D38
576 0d38 00 80 da 0000 28 30 00 00 00 00 00 00 00 86 04 04 11 00 00 00 ae | 0D38: movx  @r0,a
577 0d39 00 80 da 0000 28 30 00 00 00 00 00 00 00 86 04 04 11 00 00 00 ae | 0D39: inc   r0
578 0d3a 00 80 da 0000 29 30 00 00 00 00 00 00 00 86 04 04 11 00 00 00 ae | 0D3A: cjne  r0,#$40,$0D38
579 0d38 00 80 da 0000 29 30 00 00 00 00 00 00 00 86 04 04 11 00 00 00 ae | 0D38: movx  @r0,a
580 0d39 00 80 da 0000 29 30 00 00 00 00 00 00 00 86 04 04 11 00 00 00 ae | 0D39: inc   r0
581 0d3a 00 80 da 0000 2a 30 00 00 00 00 00 00 00 86 04 04 11 00 00 00 ae | 0D3A: cjne  r0,#$40,$0D38
582 0d38 00 80 da 0000 2a 30 00 00 00 00 00 00 00 86 04 04 11 00 00 00 ae | 0D38: movx  @r0,a
583 0d39 00 80 da 0000 2a 30 00 00 00 00 00 00 00 86 04 04 11 00 00 00 ae | 0D39: inc   r0
584 0d3a 00 80 da 0000 2b 30 00 00 00 00 00 00 00 86 04 04 11 00 00 00 ae | 0D3A: cjne  r0,#$40,$0D38
585 0d38 00 80 da 0000 2b 30 00 00 00 00 00 00 00 86 04 04 11 00 00 00 ae | 0D38: movx  @r0,a
586 0d39 00 80 da 0000 2b 30 00 00 00 00 00 00 00 86 04 04 11 00 00 00 ae | 0D39: inc   r0
587 0d3a 00 80 da 0000 2c 30 00 00 00 00 00 00 00 86 04 04 11 00 00 00 ae | 0D3A: cjne  r0,#$40,$0D38
588 0d38 00 80 da 0000 2c 30 00 00 00 00 00 00 00 86 04 04 11 00 00 00 ae | 0D38: movx  @r0,a
589 0d39 00 80 da 0000 2c 30 00 00 00 00 00 00 00 86 04 04 11 00 00 00 ae | 0D39: inc   r0
590 0d3a 00 80 da 0000 2d 30 00 00 00 00 00 00 00 86 04 04 11 00 00 00 ae | 0D3A: cjne  r0,#$40,$0D38
591 0d38 00 80 da 0000 2d 30 00 00 00 00 00 00 00 86 04 04 11 00 00 00 ae | 0D38: movx  @r0,a
592 0d39 00 80 da 0000 2d 30 00 00 00 00 00 00 00 86 04 04 11 00 00 00 ae | 0D39: inc   r0
593 0d3a 00 80 da 0000 2e 30 00 00 00 00 00 00 00 86 04 04 11 00 00 00 ae | 0D3A: cjne  r0,#$40,$0D38
594 0d38 00 80 da 0000 2e 30 00 00 00 00 00 00 00 86 04 04 11 00 00 00 ae | 0D38: movx  @r0,a
595 0d39 00 80 da 0000 2e 30 00 00 00 00 00 00 00 86 04 04 11 00 00 00 ae | 0D39: inc   r0
596 0d3a 00 80 da 0000 2f 30 00 00 00 00 00 00 00 86 04 04 11 00 00 00 ae | 0D3A: cjne  r0,#$40,$0D38
597 0d38 00 80 da 0000 2f 30 00 00 00 00 00 00 00 86 04 04 11 00 00 00 ae | 0D38: movx  @r0,a
598 0d39 00 80 da 0000 2f 30 00 00 00 00 00 00 00 86 04 04 11 00 00 00 ae | 0D39: inc   r0
599 0d3a 00 80 da 0000 30 30 00 00 00 00 00 00 00 86 04 04 11 00 00 00 ae | 0D3A: cjne  r0,#$40,$0D38
600 0d38 00 80 da 0000 30 30 00 00 00 00 00 00 00 86 04 04 11 00 00 00 ae | 0D38: movx  @r0,a
601 0d39 00 80 da 0000 30 30 00 00 00 00 00 00 00 86 04 04 11 00 00 00 ae | 0D39: inc   r0
602 0d3a 00 80 da 0000 31 30 00 00 00 00 00 00 00 86 04 04 11 00 00 00 ae | 0D3A: cjne  r0,#$40,$0D38
603 0d38 00 80 da 0000 31 30 00 00 00 00 00 00 00 86 04 04 11 00 00 00 ae | 0D38: movx  @r0,a
604 0d39 00 80 da 0000 31 30 00 00 00 00 00 00 00 86 04 04 11 00 00 00 ae | 0D39: inc   r0
605 0d3a 00 80 da 0000 32 30 00 00 00 00 00 00 00 86 04 04 11 00 00 00 ae | 0D3A: cjne  r0,#$40,$0D38
606 0d38 00 80 da 0000 32 30 00 00 00 00 00 00 00 86 04 04 11 00 00 00 ae | 0D38: movx  @r0,a
607 0d39 00 80 da 0000 32 30 00 00 00 00 00 00 00 86 04 04 11 00 00 00 ae | 0D39: inc   r0
608 0d3a 00 80 da 0000 33 30 00 00 00 00 00 00 00 86 04 04 11 00 00 00 ae | 0D3A: cjne  r0,#$40,$0D38
609 0d38 00 80 da 0000 33 30 00 00 00 00 00 00 00 86 04 04 11 00 00 00 ae | 0D38: movx  @r0,a
610 0d39 00 80 da 0000 33 30 00 00 00 00 00 00 00 86 04 04 11 00 00 00 ae | 0D39: inc   r0
611 0d3a 00 80 da 0000 34 30 00 00 00 00 00 00 00 86 04 04 11 00 00 00 ae | 0D3A: cjne  r0,#$40,$0D38
612 0d38 00 80 da 0000 34 30 00 00 00 00 00 00 00 86 04 04 11 00 00 00 ae | 0D38: movx  @r0,a
613 0d39 00 80 da 0000 34 30 00 00 00 00 00 00 00 86 04 04 11 00 00 00 ae | 0D39: inc   r0
614 0d3a 00 80 da 0000 35 30 00 00 00 00 00 00 00 86 04 04 11 00 00 00 ae | 0D3A: cjne  r0,#$40,$0D38
615 0d38 00 80 da 0000 35 30 00 00 00 00 00 00 00 86 04 04 11 00 00 00 ae | 0D38: movx  @r0,a
616 0d39 00 80 da 0000 35 30 00 00 00 00 00 00 00 86 04 04 11 00 00 00 ae | 0D39: inc   r0
617 0d3a 00 80 da 0000 36 30 00 00 00 00 00 00 00 86 04 04 11 00 00 00 ae | 0D3A: cjne  r0,#$40,$0D38
618 0d38 00 80 da 0000 36 30 00 00 00 00 00 00 00 86 04 04 11 00 00 00 ae | 0D38: movx  @r0,a
619 0d39 00 80 da 0000 36 30 00 00 00 00 00 00 00 86 04 04 11 00 00 00 ae | 0D39: inc   r0
620 0d3a 00 80 da 0000 37 30 00 00 00 00 00 00 00 86 04 04 11 00 00 00 ae | 0D3A: cjne  r0,#$40,$0D38
621 0d38 00 80 da 0000 37 30 00 00 00 00 00 00 00 86 04 04 11 00 00 00 ae | 0D38: movx  @r0,a
622 0d39 00 80 da 0000 37 30 00 00 00 00 00 00 00 86 04 04 11 00 00 00 ae | 0D39: inc   r0
623 0d3a 00 80 da 0000 38 30 00 00 00 00 00 00 00 86 04 04 11 00 00 00 ae | 0D3A: cjne  r0,#$40,$0D38
624 0d38 00 80 da 0000 38 30 00 00 00 00 00 00 00 86 04 04 11 00 00 00 ae | 0D38: movx  @r0,a
625 0d39 00 80 da 0000 38 30 00 00 00 00 00 00 00 86 04 04 11 00 00 00 ae | 0D39: inc   r0
626 0d3a 00 80 da 0000 39 30 00 00 00 00 00 00 00 86 04 04 11 00 00 00 ae | 0D3A: cjne  r0,#$40,$0D38
627 0d38 00 80 da 0000 39 30 00 00 00 00 00 00 00 86 04 04 11 00 00 00 ae | 0D38: movx  @r0,a
628 0d39 00 80 da 0000 39 30 00 00 00 00 00 00 00 86 04 04 11 00 00 00 ae | 0D39: inc   r0
629 0d3a 00 80 da 0000 3a 30 00 00 00 00 00 00 00 86 04 04 11 00 00 00 ae | 0D3A: cjne  r0,#$40,$0D38
630 0d38 00 80 da 0000 3a 30 00 00 00 00 00 00 00 86 04 04 11 00 00 00 ae | 0D38: movx  @r0,a
631 0d39 00 80 da 0000 3a 30 00 00 00 00 00 00 00 86 04 04 11 00 00 00 ae | 0D39: inc   r0
632 0d3a 00 80 da 0000 3b 30 00 00 00 00 00 00 00 86 04 04 11 00 00 00 ae | 0D3A: cjne  r0,#$40,$0D38
633 0d38 00 80 da 0000 3b 30 00 00 00 00 00 00 00 86 04 04 11 00 00 00 ae | 0D38: movx  @r0,a
634 0d39 00 80 da 0000 3b 30 00 00 00 00 00 00 00 86 04 04 11 00 00 00 ae | 0D39: inc   r0
635 0d3a 00 80 da 0000 3c 30 00 00 00 00 00 00 00 86 04 04 11 00 00 00 ae | 0D3A: cjne  r0,#$40,$0D38
636 0d38 00 80 da 0000 3c 30 00 00 00 00 00 00 00 86 04 04 11 00 00 00 ae | 0D38: movx  @r0,a
637 0d39 00 80 da 0000 3c 30 00 00 00 00 00 00 00 86 04 04 11 00 00 00 ae | 0D39: inc   r0
638 0d3a 00 80 da 0000 3d 30 00 00 00 00 00 00 00 86 04 04 11 00 00 00 ae | 0D3A: cjne  r0,#$40,$0D38
639 0d38 00 80 da 0000 3d 30 00 00 00 00 00 00 00 86 04 04 11 00 00 00 ae | 0D38: movx  @r0,a
640 0d39 00 80 da 0000 3d 30 00 00 00 00 00 00 00 86 04 04 11 00 00 00 ae | 0D39: inc   r0
641 0d3a 00 80 da 0000 3e 30 00 00 00 00 00 00 00 86 04 04 11 00 00 00 ae | 0D3A: cjne  r0,#$40,$0D38
642 0d38 00 80 da 0000 3e 30 00 00 00 00 00 00 00 86 04 04 11 00 00 00 ae | 0D38: movx  @r0,a
643 0d39 00 80 da 0000 3e 30 00 00 00 00 00 00 00 86 04 04 11 00 00 00 ae | 0D39: inc   r0
644 0d3a 00 80 da 0000 3f 30 00 00 00 00 00 00 00 86 04 04 11 00 00 00 ae | 0D3A: cjne  r0,#$40,$0D38
645 0d38 00 80 da 0000 3f 30 00 00 00 00 00 00 00 86 04 04 11 00 00 00 ae | 0D38: movx  @r0,a
646 0d39 00 80 da 0000 3f 30 00 00 00 00 00 00 00 86 04 04 11 00 00 00 ae | 0D39: inc   r0
647 0d3a 00 80 da 0000 40 30 00 00 00 00 00 00 00 86 04 04 11 00 00 00 ae | 0D3A: cjne  r0,#$40,$0D38
648 0d3d 00 00 da 0000 40 30 00 00 00 00 00 00 00 86 04 04 11 00 00 00 ae | 0D3D: mov   a,#$20
649 0d3f 20 01 da 0000 40 30 00 00 00 00 00 00 00 86 04 04 11 00 00 00 ae | 0D3F: movx  @r0,a
650 0d40 20 01 da 0000 40 30 00 00 00 00 00 00 00 86 04 04 11 00 00 00 ae | 0D40: inc   r0
651 0d41 20 01 da 0000 41 30 00 00 00 00 00 00 00 86 04 04 11 00 00 00 ae | 0D41: cjne  r0,#$50,$0D3F
652 0d3f 20 81 da 0000 41 30 00 00 00 00 00 00 00 86 04 04 11 00 00 00 ae | 0D3F: movx  @r0,a
653 0d40 20 81 da 0000 41 30 00 00 00 00 00 00 00 86 04 04 11 00 00 00 ae | 0D40: inc   r0
654 0d41 20 81 da 0000 42 30 00 00 00 00 00 00 00 86 04 04 11 00 00 00 ae | 0D41: cjne  r0,#$50,$0D3F
655 0d3f 20 81 da 0000 42 30 00 00 00 00 00 00 00 86 04 04 11 00 00 00 ae | 0D3F: movx  @r0,a
656 0d40 20 81 da 0000 42 30 00 00 00 00 00 00 00 86 04 04 11 00 00 00 ae | 0D40: inc   r0
657 0d41 20 81 da 0000 43 30 00 00 00 00 00 00 00 86 04 04 11 00 00 00 ae | 0D41: cjne  r0,#$50,$0D3F
658 0d3f 20 81 da 0000 43 30 00 00 00 00 00 00 00 86 04 04 11 00 00 00 ae | 0D3F: movx  @r0,a
659 0d40 20 81 da 0000 43 30 00 00 00 00 00 00 00 86 04 04 11 00 00 00 ae | 0D40: inc   r0
660 0d41 20 81 da 0000 44 30 00 00 00 00 00 00 00 86 04 04 11 00 00 00 ae | 0D41: cjne  r0,#$50,$0D3F
661 0d3f 20 81 da 0000 44 30 00 00 00 00 00 00 00 86 04 04 11 00 00 00 ae | 0D3F: movx  @r0,a
662 0d40 20 81 da 0000 44 30 00 00 00 00 00 00 00 86 04 04 11 00 00 00 ae | 0D40: inc   r0
663 0d41 20 81 da 0000 45 30 00 00 00 00 00 00 00 86 04 04 11 00 00 00 ae | 0D41: cjne  r0,#$50,$0D3F
664 0d3f 20 81 da 0000 45 30 00 00 00 00 00 00 00 86 04 04 11 00 00 00 ae | 0D3F: movx  @r0,a
665 0d40 20 81 da 0000 45 30 00 00 00 00 00 00 00 86 04 04 11 00 00 00 ae | 0D40: inc   r0
666 0d41 20 81 da 0000 46 30 00 00 00 00 00 00 00 86 04 04 11 00 00 00 ae | 0D41: cjne  r0,#$50,$0D3F
667 0d3f 20 81 da 0000 46 30 00 00 00 00 00 00 00 86 04 04 11 00 00 00 ae | 0D3F: movx  @r0,a
668 0d40 20 81 da 0000 46 30 00 00 00 00 00 00 00 86 04 04 11 00 00 00 ae | 0D40: inc   r0
669 0d41 20 81 da 0000 47 30 00 00 00 00 00 00 00 86 04 04 11 00 00 00 ae | 0D41: cjne  r0,#$50,$0D3F
670 0d3f 20 81 da 0000 47 30 00 00 00 00 00 00 00 86 04 04 11 00 00 00 ae | 0D3F: movx  @r0,a
671 0d40 20 81 da 0000 47 30 00 00 00 00 00 00 00 86 04 04 11 00 00 00 ae | 0D40: inc   r0
672 0d41 20 81 da 0000 48 30 00 00 00 00 00 00 00 86 04 04 11 00 00 00 ae | 0D41: cjne  r0,#$50,$0D3F
673 0d3f 20 81 da 0000 48 30 00 00 00 00 00 00 00 86 04 04 11 00 00 00 ae | 0D3F: movx  @r0,a
674 0d40 20 81 da 0000 48 30 00 00 00 00 00 00 00 86 04 04 11 00 00 00 ae | 0D40: inc   r0
675 0d41 20 81 da 0000 49 30 00 00 00 00 00 00 00 86 04 04 11 00 00 00 ae | 0D41: cjne  r0,#$50,$0D3F
676 0d3f 20 81 da 0000 49 30 00 00 00 00 00 00 00 86 04 04 11 00 00 00 ae | 0D3F: movx  @r0,a
677 0d40 20 81 da 0000 49 30 00 00 00 00 00 00 00 86 04 04 11 00 00 00 ae | 0D40: inc   r0
678 0d41 20 81 da 0000 4a 30 00 00 00 00 00 00 00 86 04 04 11 00 00 00 ae | 0D41: cjne  r0,#$50,$0D3F
679 0d3f 20 81 da 0000 4a 30 00 00 00 00 00 00 00 86 04 04 11 00 00 00 ae | 0D3F: movx  @r0,a
680 0d40 20 81 da 0000 4a 30 00 00 00 00 00 00 00 86 04 04 11 00 00 00 ae | 0D40: inc   r0
681 0d41 20 81 da 0000 4b 30 00 00 00 00 00 00 00 86 04 04 11 00 00 00 ae | 0D41: cjne  r0,#$50,$0D3F
682 0d3f 20 81 da 0000 4b 30 00 00 00 00 00 00 00 86 04 04 11 00 00 00 ae | 0D3F: movx  @r0,a
683 0d40 20 81 da 0000 4b 30 00 00 00 00 00 00 00 86 04 04 11 00 00 00 ae | 0D40: inc   r0
684 0d41 20 81 da 0000 4c 30 00 00 00 00 00 00 00 86 04 04 11 00 00 00 ae | 0D41: cjne  r0,#$50,$0D3F
685 0d3f 20 81 da 0000 4c 30 00 00 00 00 00 00 00 86 04 04 11 00 00 00 ae | 0D3F: movx  @r0,a
686 0d40 20 81 da 0000 4c 30 00 00 00 00 00 00 00 86 04 04 11 00 00 00 ae | 0D40: inc   r0
687 0d41 20 81 da 0000 4d 30 00 00 00 00 00 00 00 86 04 04 11 00 00 00 ae | 0D41: cjne  r0,#$50,$0D3F
688 0d3f 20 81 da 0000 4d 30 00 00 00 00 00 00 00 86 04 04 11 00 00 00 ae | 0D3F: movx  @r0,a
689 0d40 20 81 da 0000 4d 30 00 00 00 00 00 00 00 86 04 04 11 00 00 00 ae | 0D40: inc   r0
690 0d41 20 81 da 0000 4e 30 00 00 00 00 00 00 00 86 04 04 11 00 00 00 ae | 0D41: cjne  r0,#$50,$0D3F
691 0d3f 20 81 da 0000 4e 30 00 00 00 00 00 00 00 86 04 04 11 00 00 00 ae | 0D3F: movx  @r0,a
692 0d40 20 81 da 0000 4e 30 00 00 00 00 00 00 00 86 04 04 11 00 00 00 ae | 0D40: inc   r0
693 0d41 20 81 da 0000 4f 30 00 00 00 00 00 00 00 86 04 04 11 00 00 00 ae | 0D41: cjne  r0,#$50,$0D3F
694 0d3f 20 81 da 0000 4f 30 00 00 00 00 00 00 00 86 04 04 11 00 00 00 ae | 0D3F: movx  @r0,a
695 0d40 20 81 da 0000 4f 30 00 00 00 00 00 00 00 86 04 04 11 00 00 00 ae | 0D40: inc   r0
696 0d41 20 81 da 0000 50 30 00 00 00 00 00 00 00 86 04 04 11 00 00 00 ae | 0D41: cjne  r0,#$50,$0D3F
697 0d44 20 01 da 0000 50 30 00 00 00 00 00 00 00 86 04 04 11 00 00 00 ae | 0D44: mov   a,#$40
698 0d46 40 01 da 0000 50 30 00 00 00 00 00 00 00 86 04 04 11 00 00 00 ae | 0D46: movx  @r0,a
699 0d47 40 01 da 0000 50 30 00 00 00 00 00 00 00 86 04 04 11 00 00 00 ae | 0D47: inc   r0
700 0d48 40 01 da 0000 51 30 00 00 00 00 00 00 00 86 04 04 11 00 00 00 ae | 0D48: cjne  r0,#$60,$0D46
701 0d46 40 81 da 0000 51 30 00 00 00 00 00 00 00 86 04 04 11 00 00 00 ae | 0D46: movx  @r0,a
702 0d47 40 81 da 0000 51 30 00 00 00 00 00 00 00 86 04 04 11 00 00 00 ae | 0D47: inc   r0
703 0d48 40 81 da 0000 52 30 00 00 00 00 00 00 00 86 04 04 11 00 00 00 ae | 0D48: cjne  r0,#$60,$0D46
704 0d46 40 81 da 0000 52 30 00 00 00 00 00 00 00 86 04 04 11 00 00 00 ae | 0D46: movx  @r0,a
705 0d47 40 81 da 0000 52 30 00 00 00 00 00 00 00 86 04 04 11 00 00 00 ae | 0D47: inc   r0
706 0d48 40 81 da 0000 53 30 00 00 00 00 00 00 00 86 04 04 11 00 00 00 ae | 0D48: cjne  r0,#$60,$0D46
707 0d46 40 81 da 0000 53 30 00 00 00 00 00 00 00 86 04 04 11 00 00 00 ae | 0D46: movx  @r0,a
708 0d47 40 81 da 0000 53 30 00 00 00 00 00 00 00 86 04 04 11 00 00 00 ae | 0D47: inc   r0
709 0d48 40 81 da 0000 54 30 00 00 00 00 00 00 00 86 04 04 11 00 00 00 ae | 0D48: cjne  r0,#$60,$0D46
710 0d46 40 81 da 0000 54 30 00 00 00 00 00 00 00 86 04 04 11 00 00 00 ae | 0D46: movx  @r0,a
711 0d47 40 81 da 0000 54 30 00 00 00 00 00 00 00 86 04 04 11 00 00 00 ae | 0D47: inc   r0
712 0d48 40 81 da 0000 55 30 00 00 00 00 00 00 00 86 04 04 11 00 00 00 ae | 0D48: cjne  r0,#$60,$0D46
713 0d46 40 81 da 0000 55 30 00 00 00 00 00 00 00 86 04 04 11 00 00 00 ae | 0D46: movx  @r0,a
714 0d47 40 81 da 0000 55 30 00 00 00 00 00 00 00 86 04 04 11 00 00 00 ae | 0D47: inc   r0
715 0d48 40 81 da 0000 56 30 00 00 00 00 00 00 00 86 04 04 11 00 00 00 ae | 0D48: cjne  r0,#$60,$0D46
716 0d46 40 81 da 0000 56 30 00 00 00 00 00 00 00 86 04 04 11 00 00 00 ae | 0D46: movx  @r0,a
717 0d47 40 81 da 0000 56 30 00 00 00 00 00 00 00 86 04 04 11 00 00 00 ae | 0D47: inc   r0
718 0d48 40 81 da 0000 57 30 00 00 00 00 00 00 00 86 04 04 11 00 00 00 ae | 0D48: cjne  r0,#$60,$0D46
719 0d46 40 81 da 0000 57 30 00 00 00 00 00 00 00 86 04 04 11 00 00 00 ae | 0D46: movx  @r0,a
720 0d47 40 81 da 0000 57 30 00 00 00 00 00 00 00 86 04 04 11 00 00 00 ae | 0D47: inc   r0
721 0d48 40 81 da 0000 58 30 00 00 00 00 00 00 00 86 04 04 11 00 00 00 ae | 0D48: cjne  r0,#$60,$0D46
722 0d46 40 81 da 0000 58 30 00 00 00 00 00 00 00 86 04 04 11 00 00 00 ae | 0D46: movx  @r0,a
723 0d47 40 81 da 0000 58 30 00 00 00 00 00 00 00 86 04 04 11 00 00 00 ae | 0D47: inc   r0
724 0d48 40 81 da 0000 59 30 00 00 00 00 00 00 00 86 04 04 11 00 00 00 ae | 0D48: cjne  r0,#$60,$0D46
725 0d46 40 81 da 0000 59 30 00 00 00 00 00 00 00 86 04 04 11 00 00 00 ae | 0D46: movx  @r0,a
726 0d47 40 81 da 0000 59 30 00 00 00 00 00 00 00 86 04 04 11 00 00 00 ae | 0D47: inc   r0
727 0d48 40 81 da 0000 5a 30 00 00 00 00 00 00 00 86 04 04 11 00 00 00 ae | 0D48: cjne  r0,#$60,$0D46
728 0d46 40 81 da 0000 5a 30 00 00 00 00 00 00 00 86 04 04 11 00 00 00 ae | 0D46: movx  @r0,a
729 0d47 40 81 da 0000 5a 30 00 00 00 00 00 00 00 86 04 04 11 00 00 00 ae | 0D47: inc   r0
730 0d48 40 81 da 0000 5b 30 00 00 00 00 00 00 00 86 04 04 11 00 00 00 ae | 0D48: cjne  r0,#$60,$0D46
731 0d46 40 81 da 0000 5b 30 00 00 00 00 00 00 00 86 04 04 11 00 00 00 ae | 0D46: movx  @r0,a
732 0d47 40 81 da 0000 5b 30 00 00 00 00 00 00 00 86 04 04 11 00 00 00 ae | 0D47: inc   r0
733 0d48 40 81 da 0000 5c 30 00 00 00 00 00 00 00 86 04 04 11 00 00 00 ae | 0D48: cjne  r0,#$60,$0D46
734 0d46 40 81 da 0000 5c 30 00 00 00 00 00 00 00 86 04 04 11 00 00 00 ae | 0D46: movx  @r0,a
735 0d47 40 81 da 0000 5c 30 00 00 00 00 00 00 00 86 04 04 11 00 00 00 ae | 0D47: inc   r0
736 0d48 40 81 da 0000 5d 30 00 00 00 00 00 00 00 86 04 04 11 00 00 00 ae | 0D48: cjne  r0,#$60,$0D46
737 0d46 40 81 da 0000 5d 30 00 00 00 00 00 00 00 86 04 04 11 00 00 00 ae | 0D46: movx  @r0,a
738 0d47 40 81 da 0000 5d 30 00 00 00 00 00 00 00 86 04 04 11 00 00 00 ae | 0D47: inc   r0
739 0d48 40 81 da 0000 5e 30 00 00 00 00 00 00 00 86 04 04 11 00 00 00 ae | 0D48: cjne  r0,#$60,$0D46
740 0d46 40 81 da 0000 5e 30 00 00 00 00 00 00 00 86 04 04 11 00 00 00 ae | 0D46: movx  @r0,a
741 0d47 40 81 da 0000 5e 30 00 00 00 00 00 00 00 86 04 04 11 00 00 00 ae | 0D47: inc   r0
742 0d48 40 81 da 0000 5f 30 00 00 00 00 00 00 00 86 04 04 11 00 00 00 ae | 0D48: cjne  r0,#$60,$0D46
743 0d46 40 81 da 0000 5f 30 00 00 00 00 00 00 00 86 04 04 11 00 00 00 ae | 0D46: movx  @r0,a
744 0d47 40 81 da 0000 5f 30 00 00 00 00 00 00 00 86 04 04 11 00 00 00 ae | 0D47: inc   r0
745 0d48 40 81 da 0000 60 30 00 00 00 00 00 00 00 86 04 04 11 00 00 00 ae | 0D48: cjne  r0,#$60,$0D46
746 0d4b 40 01 da 0000 60 30 00 00 00 00 00 00 00 86 04 04 11 00 00 00 ae | 0D4B: mov   a,#$02
747 0d4d 02 01 da 0000 60 30 00 00 00 00 00 00 00 86 04 04 11 00 00 00 ae | 0D4D: movx  @r0,a
748 0d4e 02 01 da 0000 60 30 00 00 00 00 00 00 00 86 04 04 11 00 00 00 ae | 0D4E: inc   r0
749 0d4f 02 01 da 0000 61 30 00 00 00 00 00 00 00 86 04 04 11 00 00 00 ae | 0D4F: cjne  r0,#$70,$0D4D
750 0d4d 02 81 da 0000 61 30 00 00 00 00 00 00 00 86 04 04 11 00 00 00 ae | 0D4D: movx  @r0,a
751 0d4e 02 81 da 0000 61 30 00 00 00 00 00 00 00 86 04 04 11 00 00 00 ae | 0D4E: inc   r0
752 0d4f 02 81 da 0000 62 30 00 00 00 00 00 00 00 86 04 04 11 00 00 00 ae | 0D4F: cjne  r0,#$70,$0D4D
753 0d4d 02 81 da 0000 62 30 00 00 00 00 00 00 00 86 04 04 11 00 00 00 ae | 0D4D: movx  @r0,a
754 0d4e 02 81 da 0000 62 30 00 00 00 00 00 00 00 86 04 04 11 00 00 00 ae | 0D4E: inc   r0
755 0d4f 02 81 da 0000 63 30 00 00 00 00 00 00 00 86 04 04 11 00 00 00 ae | 0D4F: cjne  r0,#$70,$0D4D
756 0d4d 02 81 da 0000 63 30 00 00 00 00 00 00 00 86 04 04 11 00 00 00 ae | 0D4D: movx  @r0,a
757 0d4e 02 81 da 0000 63 30 00 00 00 00 00 00 00 86 04 04 11 00 00 00 ae | 0D4E: inc   r0
758 0d4f 02 81 da 0000 64 30 00 00 00 00 00 00 00 86 04 04 11 00 00 00 ae | 0D4F: cjne  r0,#$70,$0D4D
759 0d4d 02 81 da 0000 64 30 00 00 00 00 00 00 00 86 04 04 11 00 00 00 ae | 0D4D: movx  @r0,a
760 0d4e 02 81 da 0000 64 30 00 00 00 00 00 00 00 86 04 04 11 00 00 00 ae | 0D4E: inc   r0
761 0d4f 02 81 da 0000 65 30 00 00 00 00 00 00 00 86 04 04 11 00 00 00 ae | 0D4F: cjne  r0,#$70,$0D4D
762 0d4d 02 81 da 0000 65 30 00 00 00 00 00 00 00 86 04 04 11 00 00 00 ae | 0D4D: movx  @r0,a
763 0d4e 02 81 da 0000 65 30 00 00 00 00 00 00 00 86 04 04 11 00 00 00 ae | 0D4E: inc   r0
764 0d4f 02 81 da 0000 66 30 00 00 00 00 00 00 00 86 04 04 11 00 00 00 ae | 0D4F: cjne  r0,#$70,$0D4D
765 0d4d 02 81 da 0000 66 30 00 00 00 00 00 00 00 86 04 04 11 00 00 00 ae | 0D4D: movx  @r0,a
766 0d4e 02 81 da 0000 66 30 00 00 00 00 00 00 00 86 04 04 11 00 00 00 ae | 0D4E: inc   r0
767 0d4f 02 81 da 0000 67 30 00 00 00 00 00 00 00 86 04 04 11 00 00 00 ae | 0D4F: cjne  r0,#$70,$0D4D
768 0d4d 02 81 da 0000 67 30 00 00 00 00 00 00 00 86 04 04 11 00 00 00 ae | 0D4D: movx  @r0,a
769 0d4e 02 81 da 0000 67 30 00 00 00 00 00 00 00 86 04 04 11 00 00 00 ae | 0D4E: inc   r0
770 0d4f 02 81 da 0000 68 30 00 00 00 00 00 00 00 86 04 04 11 00 00 00 ae | 0D4F: cjne  r0,#$70,$0D4D
771 0d4d 02 81 da 0000 68 30 00 00 00 00 00 00 00 86 04 04 11 00 00 00 ae | 0D4D: movx  @r0,a
772 0d4e 02 81 da 0000 68 30 00 00 00 00 00 00 00 86 04 04 11 00 00 00 ae | 0D4E: inc   r0
773 0d4f 02 81 da 0000 69 30 00 00 00 00 00 00 00 86 04 04 11 00 00 00 ae | 0D4F: cjne  r0,#$70,$0D4D
774 0d4d 02 81 da 0000 69 30 00 00 00 00 00 00 00 86 04 04 11 00 00 00 ae | 0D4D: movx  @r0,a
775 0d4e 02 81 da 0000 69 30 00 00 00 00 00 00 00 86 04 04 11 00 00 00 ae | 0D4E: inc   r0
776 0d4f 02 81 da 0000 6a 30 00 00 00 00 00 00 00 86 04 04 11 00 00 00 ae | 0D4F: cjne  r0,#$70,$0D4D
777 0d4d 02 81 da 0000 6a 30 00 00 00 00 00 00 00 86 04 04 11 00 00 00 ae | 0D4D: movx  @r0,a
778 0d4e 02 81 da 0000 6a 30 00 00 00 00 00 00 00 86 04 04 11 00 00 00 ae | 0D4E: inc   r0
779 0d4f 02 81 da 0000 6b 30 00 00 00 00 00 00 00 86 04 04 11 00 00 00 ae | 0D4F: cjne  r0,#$70,$0D4D
780 0d4d 02 81 da 0000 6b 30 00 00 00 00 00 00 00 86 04 04 11 00 00 00 ae | 0D4D: movx  @r0,a
781 0d4e 02 81 da 0000 6b 30 00 00 00 00 00 00 00 86 04 04 11 00 00 00 ae | 0D4E: inc   r0
782 0d4f 02 81 da 0000 6c 30 00 00 00 00 00 00 00 86 04 04 11 00 00 00 ae | 0D4F: cjne  r0,#$70,$0D4D
783 0d4d 02 81 da 0000 6c 30 00 00 00 00 00 00 00 86 04 04 11 00 00 00 ae | 0D4D: movx  @r0,a
784 0d4e 02 81 da 0000 6c 30 00 00 00 00 00 00 00 86 04 04 11 00 00 00 ae | 0D4E: inc   r0
785 0d4f 02 81 da 0000 6d 30 00 00 00 00 00 00 00 86 04 04 11 00 00 00 ae | 0D4F: cjne  r0,#$70,$0D4D
786 0d4d 02 81 da 0000 6d 30 00 00 00 00 00 00 00 86 04 04 11 00 00 00 ae | 0D4D: movx  @r0,a
787 0d4e 02 81 da 0000 6d 30 00 00 00 00 00 00 00 86 04 04 11 00 00 00 ae | 0D4E: inc   r0
788 0d4f 02 81 da 0000 6e 30 00 00 00 00 00 00 00 86 04 04 11 00 00 00 ae | 0D4F: cjne  r0,#$70,$0D4D
789 0d4d 02 81 da 0000 6e 30 00 00 00 00 00 00 00 86 04 04 11 00 00 00 ae | 0D4D: movx  @r0,a
790 0d4e 02 81 da 0000 6e 30 00 00 00 00 00 00 00 86 04 04 11 00 00 00 ae | 0D4E: inc   r0
791 0d4f 02 81 da 0000 6f 30 00 00 00 00 00 00 00 86 04 04 11 00 00 00 ae | 0D4F: cjne  r0,#$70,$0D4D
792 0d4d 02 81 da 0000 6f 30 00 00 00 00 00 00 00 86 04 04 11 00 00 00 ae | 0D4D: movx  @r0,a
793 0d4e 02 81 da 0000 6f 30 00 00 00 00 00 00 00 86 04 04 11 00 00 00 ae | 0D4E: inc   r0
794 0d4f 02 81 da 0000 70 30 00 00 00 00 00 00 00 86 04 04 11 00 00 00 ae | 0D4F: cjne  r0,#$70,$0D4D
795 0d52 02 01 da 0000 70 30 00 00 00 00 00 00 00 86 04 04 11 00 00 00 ae | 0D52: ret
796 0074 02 01 d8 0000 70 30 00 00 00 00 00 00 00 86 04 04 11 00 00 00 ae | 0074: lcall $0D53
797 0d53 02 01 da 0000 70 30 00 00 00 00 00 00 00 86 04 04 11 00 00 00 ae | 0D53: mov   p2,#$00
798 0d56 02 01 da 0000 70 30 00 00 00 00 00 00 00 86 04 04 11 00 00 00 ae | 0D56: mov   r0,#$72
799 0d58 02 01 da 0000 72 30 00 00 00 00 00 00 00 86 04 04 11 00 00 00 ae | 0D58: mov   a,#$FF
800 0d5a ff 00 da 0000 72 30 00 00 00 00 00 00 00 86 04 04 11 00 00 00 ae | 0D5A: movx  @r0,a
801 0d5b ff 00 da 0000 72 30 00 00 00 00 00 00 00 86 04 04 11 00 00 00 ae | 0D5B: inc   r0
802 0d5c ff 00 da 0000 73 30 00 00 00 00 00 00 00 86 04 04 11 00 00 00 ae | 0D5C: cjne  r0,#$F8,$0D5A
803 0d5a ff 80 da 0000 73 30 00 00 00 00 00 00 00 86 04 04 11 00 00 00 ae | 0D5A: movx  @r0,a
804 0d5b ff 80 da 0000 73 30 00 00 00 00 00 00 00 86 04 04 11 00 00 00 ae | 0D5B: inc   r0
805 0d5c ff 80 da 0000 74 30 00 00 00 00 00 00 00 86 04 04 11 00 00 00 ae | 0D5C: cjne  r0,#$F8,$0D5A
806 0d5a ff 80 da 0000 74 30 00 00 00 00 00 00 00 86 04 04 11 00 00 00 ae | 0D5A: movx  @r0,a
807 0d5b ff 80 da 0000 74 30 00 00 00 00 00 00 00 86 04 04 11 00 00 00 ae | 0D5B: inc   r0
808 0d5c ff 80 da 0000 75 30 00 00 00 00 00 00 00 86 04 04 11 00 00 00 ae | 0D5C: cjne  r0,#$F8,$0D5A
809 0d5a ff 80 da 0000 75 30 00 00 00 00 00 00 00 86 04 04 11 00 00 00 ae | 0D5A: movx  @r0,a
810 0d5b ff 80 da 0000 75 30 00 00 00 00 00 00 00 86 04 04 11 00 00 00 ae | 0D5B: inc   r0
811 0d5c ff 80 da 0000 76 30 00 00 00 00 00 00 00 86 04 04 11 00 00 00 ae | 0D5C: cjne  r0,#$F8,$0D5A
812 0d5a ff 80 da 0000 76 30 00 00 00 00 00 00 00 86 04 04 11 00 00 00 ae | 0D5A: movx  @r0,a
813 0d5b ff 80 da 0000 76 30 00 00 00 00 00 00 00 86 04 04 11 00 00 00 ae | 0D5B: inc   r0
814 0d5c ff 80 da 0000 77 30 00 00 00 00 00 00 00 86 04 04 11 00 00 00 ae | 0D5C: cjne  r0,#$F8,$0D5A
815 0d5a ff 80 da 0000 77 30 00 00 00 00 00 00 00 86 04 04 11 00 00 00 ae | 0D5A: movx  @r0,a
816 0d5b ff 80 da 0000 77 30 00 00 00 00 00 00 00 86 04 04 11 00 00 00 ae | 0D5B: inc   r0
817 0d5c ff 80 da 0000 78 30 00 00 00 00 00 00 00 86 04 04 11 00 00 00 ae | 0D5C: cjne  r0,#$F8,$0D5A
818 0d5a ff 80 da 0000 78 30 00 00 00 00 00 00 00 86 04 04 11 00 00 00 ae | 0D5A: movx  @r0,a
819 0d5b ff 80 da 0000 78 30 00 00 00 00 00 00 00 86 04 04 11 00 00 00 ae | 0D5B: inc   r0
820 0d5c ff 80 da 0000 79 30 00 00 00 00 00 00 00 86 04 04 11 00 00 00 ae | 0D5C: cjne  r0,#$F8,$0D5A
821 0d5a ff 80 da 0000 79 30 00 00 00 00 00 00 00 86 04 04 11 00 00 00 ae | 0D5A: movx  @r0,a
822 0d5b ff 80 da 0000 79 30 00 00 00 00 00 00 00 86 04 04 11 00 00 00 ae | 0D5B: inc   r0
823 0d5c ff 80 da 0000 7a 30 00 00 00 00 00 00 00 86 04 04 11 00 00 00 ae | 0D5C: cjne  r0,#$F8,$0D5A
824 0d5a ff 80 da 0000 7a 30 00 00 00 00 00 00 00 86 04 04 11 00 00 00 ae | 0D5A: movx  @r0,a
825 0d5b ff 80 da 0000 7a 30 00 00 00 00 00 00 00 86 04 04 11 00 00 00 ae | 0D5B: inc   r0
826 0d5c ff 80 da 0000 7b 30 00 00 00 00 00 00 00 86 04 04 11 00 00 00 ae | 0D5C: cjne  r0,#$F8,$0D5A
827 0d5a ff 80 da 0000 7b 30 00 00 00 00 00 00 00 86 04 04 11 00 00 00 ae | 0D5A: movx  @r0,a
828 0d5b ff 80 da 0000 7b 30 00 00 00 00 00 00 00 86 04 04 11 00 00 00 ae | 0D5B: inc   r0
829 0d5c ff 80 da 0000 7c 30 00 00 00 00 00 00 00 86 04 04 11 00 00 00 ae | 0D5C: cjne  r0,#$F8,$0D5A
830 0d5a ff 80 da 0000 7c 30 00 00 00 00 00 00 00 86 04 04 11 00 00 00 ae | 0D5A: movx  @r0,a
831 0d5b ff 80 da 0000 7c 30 00 00 00 00 00 00 00 86 04 04 11 00 00 00 ae | 0D5B: inc   r0
832 0d5c ff 80 da 0000 7d 30 00 00 00 00 00 00 00 86 04 04 11 00 00 00 ae | 0D5C: cjne  r0,#$F8,$0D5A
833 0d5a ff 80 da 0000 7d 30 00 00 00 00 00 00 00 86 04 04 11 00 00 00 ae | 0D5A: movx  @r0,a
834 0d5b ff 80 da 0000 7d 30 00 00 00 00 00 00 00 86 04 04 11 00 00 00 ae | 0D5B: inc   r0
835 0d5c ff 80 da 0000 7e 30 00 00 00 00 00 00 00 86 04 04 11 00 00 00 ae | 0D5C: cjne  r0,#$F8,$0D5A
836 0d5a ff 80 da 0000 7e 30 00 00 00 00 00 00 00 86 04 04 11 00 00 00 ae | 0D5A: movx  @r0,a
837 0d5b ff 80 da 0000 7e 30 00 00 00 00 00 00 00 86 04 04 11 00 00 00 ae | 0D5B: inc   r0
838 0d5c ff 80 da 0000 7f 30 00 00 00 00 00 00 00 86 04 04 11 00 00 00 ae | 0D5C: cjne  r0,#$F8,$0D5A
839 0d5a ff 80 da 0000 7f 30 00 00 00 00 00 00 00 86 04 04 11 00 00 00 ae | 0D5A: movx  @r0,a
840 0d5b ff 80 da 0000 7f 30 00 00 00 00 00 00 00 86 04 04 11 00 00 00 ae | 0D5B: inc   r0
841 0d5c ff 80 da 0000 80 30 00 00 00 00 00 00 00 86 04 04 11 00 00 00 ae | 0D5C: cjne  r0,#$F8,$0D5A
842 0d5a ff 80 da 0000 80 30 00 00 00 00 00 00 00 86 04 04 11 00 00 00 ae | 0D5A: movx  @r0,a
843 0d5b ff 80 da 0000 80 30 00 00 00 00 00 00 00 86 04 04 11 00 00 00 ae | 0D5B: inc   r0
844 0d5c ff 80 da 0000 81 30 00 00 00 00 00 00 00 86 04 04 11 00 00 00 ae | 0D5C: cjne  r0,#$F8,$0D5A
845 0d5a ff 80 da 0000 81 30 00 00 00 00 00 00 00 86 04 04 11 00 00 00 ae | 0D5A: movx  @r0,a
846 0d5b ff 80 da 0000 81 30 00 00 00 00 00 00 00 86 04 04 11 00 00 00 ae | 0D5B: inc   r0
847 0d5c ff 80 da 0000 82 30 00 00 00 00 00 00 00 86 04 04 11 00 00 00 ae | 0D5C: cjne  r0,#$F8,$0D5A
848 0d5a ff 80 da 0000 82 30 00 00 00 00 00 00 00 86 04 04 11 00 00 00 ae | 0D5A: movx  @r0,a
849 0d5b ff 80 da 0000 82 30 00 00 00 00 00 00 00 86 04 04 11 00 00 00 ae | 0D5B: inc   r0
850 0d5c ff 80 da 0000 83 30 00 00 00 00 00 00 00 86 04 04 11 00 00 00 ae | 0D5C: cjne  r0,#$F8,$0D5A
851 0d5a ff 80 da 0000 83 30 00 00 00 00 00 00 00 86 04 04 11 00 00 00 ae | 0D5A: movx  @r0,a
852 0d5b ff 80 da 0000 83 30 00 00 00 00 00 00 00 86 04 04 11 00 00 00 ae | 0D5B: inc   r0
853 0d5c ff 80 da 0000 84 30 00 00 00 00 00 00 00 86 04 04 11 00 00 00 ae | 0D5C: cjne  r0,#$F8,$0D5A
854 0d5a ff 80 da 0000 84 30 00 00 00 00 00 00 00 86 04 04 11 00 00 00 ae | 0D5A: movx  @r0,a
855 0d5b ff 80 da 0000 84 30 00 00 00 00 00 00 00 86 04 04 11 00 00 00 ae | 0D5B: inc   r0
856 0d5c ff 80 da 0000 85 30 00 00 00 00 00 00 00 86 04 04 11 00 00 00 ae | 0D5C: cjne  r0,#$F8,$0D5A
857 0d5a ff 80 da 0000 85 30 00 00 00 00 00 00 00 86 04 04 11 00 00 00 ae | 0D5A: movx  @r0,a
858 0d5b ff 80 da 0000 85 30 00 00 00 00 00 00 00 86 04 04 11 00 00 00 ae | 0D5B: inc   r0
859 0d5c ff 80 da 0000 86 30 00 00 00 00 00 00 00 86 04 04 11 00 00 00 ae | 0D5C: cjne  r0,#$F8,$0D5A
860 0d5a ff 80 da 0000 86 30 00 00 00 00 00 00 00 86 04 04 11 00 00 00 ae | 0D5A: movx  @r0,a
861 0d5b ff 80 da 0000 86 30 00 00 00 00 00 00 00 86 04 04 11 00 00 00 ae | 0D5B: inc   r0
862 0d5c ff 80 da 0000 87 30 00 00 00 00 00 00 00 86 04 04 11 00 00 00 ae | 0D5C: cjne  r0,#$F8,$0D5A
863 0d5a ff 80 da 0000 87 30 00 00 00 00 00 00 00 86 04 04 11 00 00 00 ae | 0D5A: movx  @r0,a
864 0d5b ff 80 da 0000 87 30 00 00 00 00 00 00 00 86 04 04 11 00 00 00 ae | 0D5B: inc   r0
865 0d5c ff 80 da 0000 88 30 00 00 00 00 00 00 00 86 04 04 11 00 00 00 ae | 0D5C: cjne  r0,#$F8,$0D5A
866 0d5a ff 80 da 0000 88 30 00 00 00 00 00 00 00 86 04 04 11 00 00 00 ae | 0D5A: movx  @r0,a
867 0d5b ff 80 da 0000 88 30 00 00 00 00 00 00 00 86 04 04 11 00 00 00 ae | 0D5B: inc   r0
868 0d5c ff 80 da 0000 89 30 00 00 00 00 00 00 00 86 04 04 11 00 00 00 ae | 0D5C: cjne  r0,#$F8,$0D5A
869 0d5a ff 80 da 0000 89 30 00 00 00 00 00 00 00 86 04 04 11 00 00 00 ae | 0D5A: movx  @r0,a
870 0d5b ff 80 da 0000 89 30 00 00 00 00 00 00 00 86 04 04 11 00 00 00 ae | 0D5B: inc   r0
871 0d5c ff 80 da 0000 8a 30 00 00 00 00 00 00 00 86 04 04 11 00 00 00 ae | 0D5C: cjne  r0,#$F8,$0D5A
872 0d5a ff 80 da 0000 8a 30 00 00 00 00 00 00 00 86 04 04 11 00 00 00 ae | 0D5A: movx  @r0,a
873 0d5b ff 80 da 0000 8a 30 00 00 00 00 00 00 00 86 04 04 11 00 00 00 ae | 0D5B: inc   r0
874 0d5c ff 80 da 0000 8b 30 00 00 00 00 00 00 00 86 04 04 11 00 00 00 ae | 0D5C: cjne  r0,#$F8,$0D5A
875 0d5a ff 80 da 0000 8b 30 00 00 00 00 00 00 00 86 04 04 11 00 00 00 ae | 0D5A: movx  @r0,a
876 0d5b ff 80 da 0000 8b 30 00 00 00 00 00 00 00 86 04 04 11 00 00 00 ae | 0D5B: inc   r0
877 0d5c ff 80 da 0000 8c 30 00 00 00 00 00 00 00 86 04 04 11 00 00 00 ae | 0D5C: cjne  r0,#$F8,$0D5A
878 0d5a ff 80 da 0000 8c 30 00 00 00 00 00 00 00 86 04 04 11 00 00 00 ae | 0D5A: movx  @r0,a
879 0d5b ff 80 da 0000 8c 30 00 00 00 00 00 00 00 86 04 04 11 00 00 00 ae | 0D5B: inc   r0
880 0d5c ff 80 da 0000 8d 30 00 00 00 00 00 00 00 86 04 04 11 00 00 00 ae | 0D5C: cjne  r0,#$F8,$0D5A
881 0d5a ff 80 da 0000 8d 30 00 00 00 00 00 00 00 86 04 04 11 00 00 00 ae | 0D5A: movx  @r0,a
882 0d5b ff 80 da 0000 8d 30 00 00 00 00 00 00 00 86 04 04 11 00 00 00 ae | 0D5B: inc   r0
883 0d5c ff 80 da 0000 8e 30 00 00 00 00 00 00 00 86 04 04 11 00 00 00 ae | 0D5C: cjne  r0,#$F8,$0D5A
884 0d5a ff 80 da 0000 8e 30 00 00 00 00 00 00 00 86 04 04 11 00 00 00 ae | 0D5A: movx  @r0,a
885 0d5b ff 80 da 0000 8e 30 00 00 00 00 00 00 00 86 04 04 11 00 00 00 ae | 0D5B: inc   r0
886 0d5c ff 80 da 0000 8f 30 00 00 00 00 00 00 00 86 04 04 11 00 00 00 ae | 0D5C: cjne  r0,#$F8,$0D5A
887 0d5a ff 80 da 0000 8f 30 00 00 00 00 00 00 00 86 04 04 11 00 00 00 ae | 0D5A: movx  @r0,a
888 0d5b ff 80 da 0000 8f 30 00 00 00 00 00 00 00 86 04 04 11 00 00 00 ae | 0D5B: inc   r0
889 0d5c ff 80 da 0000 90 30 00 00 00 00 00 00 00 86 04 04 11 00 00 00 ae | 0D5C: cjne  r0,#$F8,$0D5A
890 0d5a ff 80 da 0000 90 30 00 00 00 00 00 00 00 86 04 04 11 00 00 00 ae | 0D5A: movx  @r0,a
891 0d5b ff 80 da 0000 90 30 00 00 00 00 00 00 00 86 04 04 11 00 00 00 ae | 0D5B: inc   r0
892 0d5c ff 80 da 0000 91 30 00 00 00 00 00 00 00 86 04 04 11 00 00 00 ae | 0D5C: cjne  r0,#$F8,$0D5A
893 0d5a ff 80 da 0000 91 30 00 00 00 00 00 00 00 86 04 04 11 00 00 00 ae | 0D5A: movx  @r0,a
894 0d5b ff 80 da 0000 91 30 00 00 00 00 00 00 00 86 04 04 11 00 00 00 ae | 0D5B: inc   r0
895 0d5c ff 80 da 0000 92 30 00 00 00 00 00 00 00 86 04 04 11 00 00 00 ae | 0D5C: cjne  r0,#$F8,$0D5A
896 0d5a ff 80 da 0000 92 30 00 00 00 00 00 00 00 86 04 04 11 00 00 00 ae | 0D5A: movx  @r0,a
897 0d5b ff 80 da 0000 92 30 00 00 00 00 00 00 00 86 04 04 11 00 00 00 ae | 0D5B: inc   r0
898 0d5c ff 80 da 0000 93 30 00 00 00 00 00 00 00 86 04 04 11 00 00 00 ae | 0D5C: cjne  r0,#$F8,$0D5A
899 0d5a ff 80 da 0000 93 30 00 00 00 00 00 00 00 86 04 04 11 00 00 00 ae | 0D5A: movx  @r0,a
900 0d5b ff 80 da 0000 93 30 00 00 00 00 00 00 00 86 04 04 11 00 00 00 ae | 0D5B: inc   r0
901 0d5c ff 80 da 0000 94 30 00 00 00 00 00 00 00 86 04 04 11 00 00 00 ae | 0D5C: cjne  r0,#$F8,$0D5A
902 0d5a ff 80 da 0000 94 30 00 00 00 00 00 00 00 86 04 04 11 00 00 00 ae | 0D5A: movx  @r0,a
903 0d5b ff 80 da 0000 94 30 00 00 00 00 00 00 00 86 04 04 11 00 00 00 ae | 0D5B: inc   r0
904 0d5c ff 80 da 0000 95 30 00 00 00 00 00 00 00 86 04 04 11 00 00 00 ae | 0D5C: cjne  r0,#$F8,$0D5A
905 0d5a ff 80 da 0000 95 30 00 00 00 00 00 00 00 86 04 04 11 00 00 00 ae | 0D5A: movx  @r0,a
906 0d5b ff 80 da 0000 95 30 00 00 00 00 00 00 00 86 04 04 11 00 00 00 ae | 0D5B: inc   r0
907 0d5c ff 80 da 0000 96 30 00 00 00 00 00 00 00 86 04 04 11 00 00 00 ae | 0D5C: cjne  r0,#$F8,$0D5A
908 0d5a ff 80 da 0000 96 30 00 00 00 00 00 00 00 86 04 04 11 00 00 00 ae | 0D5A: movx  @r0,a
909 0d5b ff 80 da 0000 96 30 00 00 00 00 00 00 00 86 04 04 11 00 00 00 ae | 0D5B: inc   r0
910 0d5c ff 80 da 0000 97 30 00 00 00 00 00 00 00 86 04 04 11 00 00 00 ae | 0D5C: cjne  r0,#$F8,$0D5A
911 0d5a ff 80 da 0000 97 30 00 00 00 00 00 00 00 86 04 04 11 00 00 00 ae | 0D5A: movx  @r0,a
912 0d5b ff 80 da 0000 97 30 00 00 00 00 00 00 00 86 04 04 11 00 00 00 ae | 0D5B: inc   r0
913 0d5c ff 80 da 0000 98 30 00 00 00 00 00 00 00 86 04 04 11 00 00 00 ae | 0D5C: cjne  r0,#$F8,$0D5A
914 0d5a ff 80 da 0000 98 30 00 00 00 00 00 00 00 86 04 04 11 00 00 00 ae | 0D5A: movx  @r0,a
915 0d5b ff 80 da 0000 98 30 00 00 00 00 00 00 00 86 04 04 11 00 00 00 ae | 0D5B: inc   r0
916 0d5c ff 80 da 0000 99 30 00 00 00 00 00 00 00 86 04 04 11 00 00 00 ae | 0D5C: cjne  r0,#$F8,$0D5A
917 0d5a ff 80 da 0000 99 30 00 00 00 00 00 00 00 86 04 04 11 00 00 00 ae | 0D5A: movx  @r0,a
918 0d5b ff 80 da 0000 99 30 00 00 00 00 00 00 00 86 04 04 11 00 00 00 ae | 0D5B: inc   r0
919 0d5c ff 80 da 0000 9a 30 00 00 00 00 00 00 00 86 04 04 11 00 00 00 ae | 0D5C: cjne  r0,#$F8,$0D5A
920 0d5a ff 80 da 0000 9a 30 00 00 00 00 00 00 00 86 04 04 11 00 00 00 ae | 0D5A: movx  @r0,a
921 0d5b ff 80 da 0000 9a 30 00 00 00 00 00 00 00 86 04 04 11 00 00 00 ae | 0D5B: inc   r0
922 0d5c ff 80 da 0000 9b 30 00 00 00 00 00 00 00 86 04 04 11 00 00 00 ae | 0D5C: cjne  r0,#$F8,$0D5A
923 0d5a ff 80 da 0000 9b 30 00 00 00 00 00 00 00 86 04 04 11 00 00 00 ae | 0D5A: movx  @r0,a
924 0d5b ff 80 da 0000 9b 30 00 00 00 00 00 00 00 86 04 04 11 00 00 00 ae | 0D5B: inc   r0
925 0d5c ff 80 da 0000 9c 30 00 00 00 00 00 00 00 86 04 04 11 00 00 00 ae | 0D5C: cjne  r0,#$F8,$0D5A
926 0d5a ff 80 da 0000 9c 30 00 00 00 00 00 00 00 86 04 04 11 00 00 00 ae | 0D5A: movx  @r0,a
927 0d5b ff 80 da 0000 9c 30 00 00 00 00 00 00 00 86 04 04 11 00 00 00 ae | 0D5B: inc   r0
928 0d5c ff 80 da 0000 9d 30 00 00 00 00 00 00 00 86 04 04 11 00 00 00 ae | 0D5C: cjne  r0,#$F8,$0D5A
929 0d5a ff 80 da 0000 9d 30 00 00 00 00 00 00 00 86 04 04 11 00 00 00 ae | 0D5A: movx  @r0,a
930 0d5b ff 80 da 0000 9d 30 00 00 00 00 00 00 00 86 04 04 11 00 00 00 ae | 0D5B: inc   r0
931 0d5c ff 80 da 0000 9e 30 00 00 00 00 00 00 00 86 04 04 11 00 00 00 ae | 0D5C: cjne  r0,#$F8,$0D5A
932 0d5a ff 80 da 0000 9e 30 00 00 00 00 00 00 00 86 04 04 11 00 00 00 ae | 0D5A: movx  @r0,a
933 0d5b ff 80 da 0000 9e 30 00 00 00 00 00 00 00 86 04 04 11 00 00 00 ae | 0D5B: inc   r0
934 0d5c ff 80 da 0000 9f 30 00 00 00 00 00 00 00 86 04 04 11 00 00 00 ae | 0D5C: cjne  r0,#$F8,$0D5A
935 0d5a ff 80 da 0000 9f 30 00 00 00 00 00 00 00 86 04 04 11 00 00 00 ae | 0D5A: movx  @r0,a
936 0d5b ff 80 da 0000 9f 30 00 00 00 00 00 00 00 86 04 04 11 00 00 00 ae | 0D5B: inc   r0
937 0d5c ff 80 da 0000 a0 30 00 00 00 00 00 00 00 86 04 04 11 00 00 00 ae | 0D5C: cjne  r0,#$F8,$0D5A
938 0d5a ff 80 da 0000 a0 30 00 00 00 00 00 00 00 86 04 04 11 00 00 00 ae | 0D5A: movx  @r0,a
939 0d5b ff 80 da 0000 a0 30 00 00 00 00 00 00 00 86 04 04 11 00 00 00 ae | 0D5B: inc   r0
940 0d5c ff 80 da 0000 a1 30 00 00 00 00 00 00 00 86 04 04 11 00 00 00 ae | 0D5C: cjne  r0,#$F8,$0D5A
941 0d5a ff 80 da 0000 a1 30 00 00 00 00 00 00 00 86 04 04 11 00 00 00 ae | 0D5A: movx  @r0,a
942 0d5b ff 80 da 0000 a1 30 00 00 00 00 00 00 00 86 04 04 11 00 00 00 ae | 0D5B: inc   r0
943 0d5c ff 80 da 0000 a2 30 00 00 00 00 00 00 00 86 04 04 11 00 00 00 ae | 0D5C: cjne  r0,#$F8,$0D5A
944 0d5a ff 80 da 0000 a2 30 00 00 00 00 00 00 00 86 04 04 11 00 00 00 ae | 0D5A: movx  @r0,a
945 0d5b ff 80 da 0000 a2 30 00 00 00 00 00 00 00 86 04 04 11 00 00 00 ae | 0D5B: inc   r0
946 0d5c ff 80 da 0000 a3 30 00 00 00 00 00 00 00 86 04 04 11 00 00 00 ae | 0D5C: cjne  r0,#$F8,$0D5A
947 0d5a ff 80 da 0000 a3 30 00 00 00 00 00 00 00 86 04 04 11 00 00 00 ae | 0D5A: movx  @r0,a
948 0d5b ff 80 da 0000 a3 30 00 00 00 00 00 00 00 86 04 04 11 00 00 00 ae | 0D5B: inc   r0
949 0d5c ff 80 da 0000 a4 30 00 00 00 00 00 00 00 86 04 04 11 00 00 00 ae | 0D5C: cjne  r0,#$F8,$0D5A
950 0d5a ff 80 da 0000 a4 30 00 00 00 00 00 00 00 86 04 04 11 00 00 00 ae | 0D5A: movx  @r0,a
951 0d5b ff 80 da 0000 a4 30 00 00 00 00 00 00 00 86 04 04 11 00 00 00 ae | 0D5B: inc   r0
952 0d5c ff 80 da 0000 a5 30 00 00 00 00 00 00 00 86 04 04 11 00 00 00 ae | 0D5C: cjne  r0,#$F8,$0D5A
953 0d5a ff 80 da 0000 a5 30 00 00 00 00 00 00 00 86 04 04 11 00 00 00 ae | 0D5A: movx  @r0,a
954 0d5b ff 80 da 0000 a5 30 00 00 00 00 00 00 00 86 04 04 11 00 00 00 ae | 0D5B: inc   r0
955 0d5c ff 80 da 0000 a6 30 00 00 00 00 00 00 00 86 04 04 11 00 00 00 ae | 0D5C: cjne  r0,#$F8,$0D5A
956 0d5a ff 80 da 0000 a6 30 00 00 00 00 00 00 00 86 04 04 11 00 00 00 ae | 0D5A: movx  @r0,a
957 0d5b ff 80 da 0000 a6 30 00 00 00 00 00 00 00 86 04 04 11 00 00 00 ae | 0D5B: inc   r0
958 0d5c ff 80 da 0000 a7 30 00 00 00 00 00 00 00 86 04 04 11 00 00 00 ae | 0D5C: cjne  r0,#$F8,$0D5A
959 0d5a ff 80 da 0000 a7 30 00 00 00 00 00 00 00 86 04 04 11 00 00 00 ae | 0D5A: movx  @r0,a
960 0d5b ff 80 da 0000 a7 30 00 00 00 00 00 00 00 86 04 04 11 00 00 00 ae | 0D5B: inc   r0
961 0d5c ff 80 da 0000 a8 30 00 00 00 00 00 00 00 86 04 04 11 00 00 00 ae | 0D5C: cjne  r0,#$F8,$0D5A
962 0d5a ff 80 da 0000 a8 30 00 00 00 00 00 00 00 86 04 04 11 00 00 00 ae | 0D5A: movx  @r0,a
963 0d5b ff 80 da 0000 a8 30 00 00 00 00 00 00 00 86 04 04 11 00 00 00 ae | 0D5B: inc   r0
964 0d5c ff 80 da 0000 a9 30 00 00 00 00 00 00 00 86 04 04 11 00 00 00 ae | 0D5C: cjne  r0,#$F8,$0D5A
965 0d5a ff 80 da 0000 a9 30 00 00 00 00 00 00 00 86 04 04 11 00 00 00 ae | 0D5A: movx  @r0,a
966 0d5b ff 80 da 0000 a9 30 00 00 00 00 00 00 00 86 04 04 11 00 00 00 ae | 0D5B: inc   r0
967 0d5c ff 80 da 0000 aa 30 00 00 00 00 00 00 00 86 04 04 11 00 00 00 ae | 0D5C: cjne  r0,#$F8,$0D5A
968 0d5a ff 80 da 0000 aa 30 00 00 00 00 00 00 00 86 04 04 11 00 00 00 ae | 0D5A: movx  @r0,a
969 0d5b ff 80 da 0000 aa 30 00 00 00 00 00 00 00 86 04 04 11 00 00 00 ae | 0D5B: inc   r0
970 0d5c ff 80 da 0000 ab 30 00 00 00 00 00 00 00 86 04 04 11 00 00 00 ae | 0D5C: cjne  r0,#$F8,$0D5A
971 0d5a ff 80 da 0000 ab 30 00 00 00 00 00 00 00 86 04 04 11 00 00 00 ae | 0D5A: movx  @r0,a
972 0d5b ff 80 da 0000 ab 30 00 00 00 00 00 00 00 86 04 04 11 00 00 00 ae | 0D5B: inc   r0
973 0d5c ff 80 da 0000 ac 30 00 00 00 00 00 00 00 86 04 04 11 00 00 00 ae | 0D5C: cjne  r0,#$F8,$0D5A
974 0d5a ff 80 da 0000 ac 30 00 00 00 00 00 00 00 86 04 04 11 00 00 00 ae | 0D5A: movx  @r0,a
975 0d5b ff 80 da 0000 ac 30 00 00 00 00 00 00 00 86 04 04 11 00 00 00 ae | 0D5B: inc   r0
976 0d5c ff 80 da 0000 ad 30 00 00 00 00 00 00 00 86 04 04 11 00 00 00 ae | 0D5C: cjne  r0,#$F8,$0D5A
977 0d5a ff 80 da 0000 ad 30 00 00 00 00 00 00 00 86 04 04 11 00 00 00 ae | 0D5A: movx  @r0,a
978 0d5b ff 80 da 0000 ad 30 00 00 00 00 00 00 00 86 04 04 11 00 00 00 ae | 0D5B: inc   r0
979 0d5c ff 80 da 0000 ae 30 00 00 00 00 00 00 00 86 04 04 11 00 00 00 ae | 0D5C: cjne  r0,#$F8,$0D5A
980 0d5a ff 80 da 0000 ae 30 00 00 00 00 00 00 00 86 04 04 11 00 00 00 ae | 0D5A: movx  @r0,a
981 0d5b ff 80 da 0000 ae 30 00 00 00 00 00 00 00 86 04 04 11 00 00 00 ae | 0D5B: inc   r0
982 0d5c ff 80 da 0000 af 30 00 00 00 00 00 00 00 86 04 04 11 00 00 00 ae | 0D5C: cjne  r0,#$F8,$0D5A
983 0d5a ff 80 da 0000 af 30 00 00 00 00 00 00 00 86 04 04 11 00 00 00 ae | 0D5A: movx  @r0,a
984 0d5b ff 80 da 0000 af 30 00 00 00 00 00 00 00 86 04 04 11 00 00 00 ae | 0D5B: inc   r0
985 0d5c ff 80 da 0000 b0 30 00 00 00 00 00 00 00 86 04 04 11 00 00 00 ae | 0D5C: cjne  r0,#$F8,$0D5A
986 0d5a ff 80 da 0000 b0 30 00 00 00 00 00 00 00 86 04 04 11 00 00 00 ae | 0D5A: movx  @r0,a
987 0d5b ff 80 da 0000 b0 30 00 00 00 00 00 00 00 86 04 04 11 00 00 00 ae | 0D5B: inc   r0
988 0d5c ff 80 da 0000 b1 30 00 00 00 00 00 00 00 86 04 04 11 00 00 00 ae | 0D5C: cjne  r0,#$F8,$0D5A
989 0d5a ff 80 da 0000 b1 30 00 00 00 00 00 00 00 86 04 04 11 00 00 00 ae | 0D5A: movx  @r0,a
990 0d5b ff 80 da 0000 b1 30 00 00 00 00 00 00 00 86 04 04 11 00 00 00 ae | 0D5B: inc   r0
991 0d5c ff 80 da 0000 b2 30 00 00 00 00 00 00 00 86 04 04 11 00 00 00 ae | 0D5C: cjne  r0,#$F8,$0D5A
992 0d5a ff 80 da 0000 b2 30 00 00 00 00 00 00 00 86 04 04 11 00 00 00 ae | 0D5A: movx  @r0,a
993 0d5b ff 80 da 0000 b2 30 00 00 00 00 00 00 00 86 04 04 11 00 00 00 ae | 0D5B: inc   r0
994 0d5c ff 80 da 0000 b3 30 00 00 00 00 00 00 00 86 04 04 11 00 00 00 ae | 0D5C: cjne  r0,#$F8,$0D5A
995 0d5a ff 80 da 0000 b3 30 00 00 00 00 00 00 00 86 04 04 11 00 00 00 ae | 0D5A: movx  @r0,a
996 0d5b ff 80 da 0000 b3 30 00 00 00 00 00 00 00 86 04 04 11 00 00 00 ae | 0D5B: inc   r0
997 0d5c ff 80 da 0000 b4 30 00 00 00 00 00 00 00 86 04 04 11 00 00 00 ae | 0D5C: cjne  r0,#$F8,$0D5A
998 0d5a ff 80 da 0000 b4 30 00 00 00 00 00 00 00 86 04 04 11 00 00 00 ae | 0D5A: movx  @r0,a
999 0d5b ff 80 da 0000 b4 30 00 00 00 00 00 00 00 86 04 04 11 00 00 00 ae | 0D5B: inc   r0
1000 0d5c ff 80 da 0000 b5 30 00 00 00 00 00 00 00 86 04 04 11 00 00 00 ae | 0D5C: cjne  r0,#$F8,$0D5A
1001 0d5a ff 80 da 0000 b5 30 00 00 00 00 00 00 00 86 04 04 11 00 00 00 ae | 0D5A: movx  @r0,a
1002 0d5b ff 80 da 0000 b5 30 00 00 00 00 00 00 00 86 04 04 11 00 00 00 ae | 0D5B: inc   r0
1003 0d5c ff 80 da 0000 b6 30 00 00 00 00 00 00 00 86 04 04 11 00 00 00 ae | 0D5C: cjne  r0,#$F8,$0D5A
1004 0d5a ff 80 da 0000 b6 30 00 00 00 00 00 00 00 86 04 04 11 00 00 00 ae | 0D5A: movx  @r0,a
1005 0d5b ff 80 da 0000 b6 30 00 00 00 00 00 00 00 86 04 04 11 00 00 00 ae | 0D5B: inc   r0
1006 0d5c ff 80 da 0000 b7 30 00 00 00 00 00 00 00 86 04 04 11 00 00 00 ae | 0D5C: cjne  r0,#$F8,$0D5A
1007 0d5a ff 80 da 0000 b7 30 00 00 00 00 00 00 00 86 04 04 11 00 00 00 ae | 0D5A: movx  @r0,a
1008 0d5b ff 80 da 0000 b7 30 00 00 00 00 00 00 00 86 04 04 11 00 00 00 ae | 0D5B: inc   r0
1009 0d5c ff 80 da 0000 b8 30 00 00 00 00 00 00 00 86 04 04 11 00 00 00 ae | 0D5C: cjne  r0,#$F8,$0D5A
1010 0d5a ff 80 da 0000 b8 30 00 00 00 00 00 00 00 86 04 04 11 00 00 00 ae | 0D5A: movx  @r0,a
1011 0d5b ff 80 da 0000 b8 30 00 00 00 00 00 00 00 86 04 04 11 00 00 00 ae | 0D5B: inc   r0
1012 0d5c ff 80 da 0000 b9 30 00 00 00 00 00 00 00 86 04 04 11 00 00 00 ae | 0D5C: cjne  r0,#$F8,$0D5A
1013 0d5a ff 80 da 0000 b9 30 00 00 00 00 00 00 00 86 04 04 11 00 00 00 ae | 0D5A: movx  @r0,a
1014 0d5b ff 80 da 0000 b9 30 00 00 00 00 00 00 00 86 04 04 11 00 00 00 ae | 0D5B: inc   r0
1015 0d5c ff 80 da 0000 ba 30 00 00 00 00 00 00 00 86 04 04 11 00 00 00 ae | 0D5C: cjne  r0,#$F8,$0D5A
1016 0d5a ff 80 da 0000 ba 30 00 00 00 00 00 00 00 86 04 04 11 00 00 00 ae | 0D5A: movx  @r0,a
1017 0d5b ff 80 da 0000 ba 30 00 00 00 00 00 00 00 86 04 04 11 00 00 00 ae | 0D5B: inc   r0
1018 0d5c ff 80 da 0000 bb 30 00 00 00 00 00 00 00 86 04 04 11 00 00 00 ae | 0D5C: cjne  r0,#$F8,$0D5A
1019 0d5a ff 80 da 0000 bb 30 00 00 00 00 00 00 00 86 04 04 11 00 00 00 ae | 0D5A: movx  @r0,a
1020 0d5b ff 80 da 0000 bb 30 00 00 00 00 00 00 00 86 04 04 11 00 00 00 ae | 0D5B: inc   r0
1021 0d5c ff 80 da 0000 bc 30 00 00 00 00 00 00 00 86 04 04 11 00 00 00 ae | 0D5C: cjne  r0,#$F8,$0D5A
1022 0d5a ff 80 da 0000 bc 30 00 00 00 00 00 00 00 86 04 04 11 00 00 00 ae | 0D5A: movx  @r0,a
1023 0d5b ff 80 da 0000 bc 30 00 00 00 00 00 00 00 86 04 04 11 00 00 00 ae | 0D5B: inc   r0
1024 0d5c ff 80 da 0000 bd 30 00 00 00 00 00 00 00 86 04 04 11 00 00 00 ae | 0D5C: cjne  r0,#$F8,$0D5A
1025 0d5a ff 80 da 0000 bd 30 00 00 00 00 00 00 00 86 04 04 11 00 00 00 ae | 0D5A: movx  @r0,a
1026 0d5b ff 80 da 0000 bd 30 00 00 00 00 00 00 00 86 04 04 11 00 00 00 ae | 0D5B: inc   r0
1027 0d5c ff 80 da 0000 be 30 00 00 00 00 00 00 00 86 04 04 11 00 00 00 ae | 0D5C: cjne  r0,#$F8,$0D5A
1028 0d5a ff 80 da 0000 be 30 00 00 00 00 00 00 00 86 04 04 11 00 00 00 ae | 0D5A: movx  @r0,a
1029 0d5b ff 80 da 0000 be 30 00 00 00 00 00 00 00 86 04 04 11 00 00 00 ae | 0D5B: inc   r0
1030 0d5c ff 80 da 0000 bf 30 00 00 00 00 00 00 00 86 04 04 11 00 00 00 ae | 0D5C: cjne  r0,#$F8,$0D5A
1031 0d5a ff 80 da 0000 bf 30 00 00 00 00 00 00 00 86 04 04 11 00 00 00 ae | 0D5A: movx  @r0,a
1032 0d5b ff 80 da 0000 bf 30 00 00 00 00 00 00 00 86 04 04 11 00 00 00 ae | 0D5B: inc   r0
1033 0d5c ff 80 da 0000 c0 30 00 00 00 00 00 00 00 86 04 04 11 00 00 00 ae | 0D5C: cjne  r0,#$F8,$0D5A
1034 0d5a ff 80 da 0000 c0 30 00 00 00 00 00 00 00 86 04 04 11 00 00 00 ae | 0D5A: movx  @r0,a
1035 0d5b ff 80 da 0000 c0 30 00 00 00 00 00 00 00 86 04 04 11 00 00 00 ae | 0D5B: inc   r0
1036 0d5c ff 80 da 0000 c1 30 00 00 00 00 00 00 00 86 04 04 11 00 00 00 ae | 0D5C: cjne  r0,#$F8,$0D5A
1037 0d5a ff 80 da 0000 c1 30 00 00 00 00 00 00 00 86 04 04 11 00 00 00 ae | 0D5A: movx  @r0,a
1038 0d5b ff 80 da 0000 c1 30 00 00 00 00 00 00 00 86 04 04 11 00 00 00 ae | 0D5B: inc   r0
1039 0d5c ff 80 da 0000 c2 30 00 00 00 00 00 00 00 86 04 04 11 00 00 00 ae | 0D5C: cjne  r0,#$F8,$0D5A
1040 0d5a ff 80 da 0000 c2 30 00 00 00 00 00 00 00 86 04 04 11 00 00 00 ae | 0D5A: movx  @r0,a
1041 0d5b ff 80 da 0000 c2 30 00 00 00 00 00 00 00 86 04 04 11 00 00 00 ae | 0D5B: inc   r0
1042 0d5c ff 80 da 0000 c3 30 00 00 00 00 00 00 00 86 04 04 11 00 00 00 ae | 0D5C: cjne  r0,#$F8,$0D5A
1043 0d5a ff 80 da 0000 c3 30 00 00 00 00 00 00 00 86 04 04 11 00 00 00 ae | 0D5A: movx  @r0,a
1044 0d5b ff 80 da 0000 c3 30 00 00 00 00 00 00 00 86 04 04 11 00 00 00 ae | 0D5B: inc   r0
1045 0d5c ff 80 da 0000 c4 30 00 00 00 00 00 00 00 86 04 04 11 00 00 00 ae | 0D5C: cjne  r0,#$F8,$0D5A
1046 0d5a ff 80 da 0000 c4 30 00 00 00 00 00 00 00 86 04 04 11 00 00 00 ae | 0D5A: movx  @r0,a
1047 0d5b ff 80 da 0000 c4 30 00 00 00 00 00 00 00 86 04 04 11 00 00 00 ae | 0D5B: inc   r0
1048 0d5c ff 80 da 0000 c5 30 00 00 00 00 00 00 00 86 04 04 11 00 00 00 ae | 0D5C: cjne  r0,#$F8,$0D5A
1049 0d5a ff 80 da 0000 c5 30 00 00 00 00 00 00 00 86 04 04 11 00 00 00 ae | 0D5A: movx  @r0,a
1050 0d5b ff 80 da 0000 c5 30 00 00 00 00 00 00 00 86 04 04 11 00 00 00 ae | 0D5B: inc   r0
1051 0d5c ff 80 da 0000 c6 30 00 00 00 00 00 00 00 86 04 04 11 00 00 00 ae | 0D5C: cjne  r0,#$F8,$0D5A
1052 0d5a ff 80 da 0000 c6 30 00 00 00 00 00 00 00 86 04 04 11 00 00 00 ae | 0D5A: movx  @r0,a
1053 0d5b ff 80 da 0000 c6 30 00 00 00 00 00 00 00 86 04 04 11 00 00 00 ae | 0D5B: inc   r0
1054 0d5c ff 80 da 0000 c7 30 00 00 00 00 00 00 00 86 04 04 11 00 00 00 ae | 0D5C: cjne  r0,#$F8,$0D5A
1055 0d5a ff 80 da 0000 c7 30 00 00 00 00 00 00 00 86 04 04 11 00 00 00 ae | 0D5A: movx  @r0,a
1056 0d5b ff 80 da 0000 c7 30 00 00 00 00 00 00 00 86 04 04 11 00 00 00 ae | 0D5B: inc   r0
1057 0d5c ff 80 da 0000 c8 30 00 00 00 00 00 00 00 86 04 04 11 00 00 00 ae | 0D5C: cjne  r0,#$F8,$0D5A
1058 0d5a ff 80 da 0000 c8 30 00 00 00 00 00 00 00 86 04 04 11 00 00 00 ae | 0D5A: movx  @r0,a
1059 0d5b ff 80 da 0000 c8 30 00 00 00 00 00 00 00 86 04 04 11 00 00 00 ae | 0D5B: inc   r0
1060 0d5c ff 80 da 0000 c9 30 00 00 00 00 00 00 00 86 04 04 11 00 00 00 ae | 0D5C: cjne  r0,#$F8,$0D5A
1061 0d5a ff 80 da 0000 c9 30 00 00 00 00 00 00 00 86 04 04 11 00 00 00 ae | 0D5A: movx  @r0,a
1062 0d5b ff 80 da 0000 c9 30 00 00 00 00 00 00 00 86 04 04 11 00 00 00 ae | 0D5B: inc   r0
1063 0d5c ff 80 da 0000 ca 30 00 00 00 00 00 00 00 86 04 04 11 00 00 00 ae | 0D5C: cjne  r0,#$F8,$0D5A
1064 0d5a ff 80 da 0000 ca 30 00 00 00 00 00 00 00 86 04 04 11 00 00 00 ae | 0D5A: movx  @r0,a
1065 0d5b ff 80 da 0000 ca 30 00 00 00 00 00 00 00 86 04 04 11 00 00 00 ae | 0D5B: inc   r0
1066 0d5c ff 80 da 0000 cb 30 00 00 00 00 00 00 00 86 04 04 11 00 00 00 ae | 0D5C: cjne  r0,#$F8,$0D5A
1067 0d5a ff 80 da 0000 cb 30 00 00 00 00 00 00 00 86 04 04 11 00 00 00 ae | 0D5A: movx  @r0,a
1068 0d5b ff 80 da 0000 cb 30 00 00 00 00 00 00 00 86 04 04 11 00 00 00 ae | 0D5B: inc   r0
1069 0d5c ff 80 da 0000 cc 30 00 00 00 00 00 00 00 86 04 04 11 00 00 00 ae | 0D5C: cjne  r0,#$F8,$0D5A
1070 0d5a ff 80 da 0000 cc 30 00 00 00 00 00 00 00 86 04 04 11 00 00 00 ae | 0D5A: movx  @r0,a
1071 0d5b ff 80 da 0000 cc 30 00 00 00 00 00 00 00 86 04 04 11 00 00 00 ae | 0D5B: inc   r0
1072 0d5c ff 80 da 0000 cd 30 00 00 00 00 00 00 00 86 04 04 11 00 00 00 ae | 0D5C: cjne  r0,#$F8,$0D5A
1073 0d5a ff 80 da 0000 cd 30 00 00 00 00 00 00 00 86 04 04 11 00 00 00 ae | 0D5A: movx  @r0,a
1074 0d5b ff 80 da 0000 cd 30 00 00 00 00 00 00 00 86 04 04 11 00 00 00 ae | 0D5B: inc   r0
1075 0d5c ff 80 da 0000 ce 30 00 00 00 00 00 00 00 86 04 04 11 00 00 00 ae | 0D5C: cjne  r0,#$F8,$0D5A
1076 0d5a ff 80 da 0000 ce 30 00 00 00 00 00 00 00 86 04 04 11 00 00 00 ae | 0D5A: movx  @r0,a
1077 0d5b ff 80 da 0000 ce 30 00 00 00 00 00 00 00 86 04 04 11 00 00 00 ae | 0D5B: inc   r0
1078 0d5c ff 80 da 0000 cf 30 00 00 00 00 00 00 00 86 04 04 11 00 00 00 ae | 0D5C: cjne  r0,#$F8,$0D5A
1079 0d5a ff 80 da 0000 cf 30 00 00 00 00 00 00 00 86 04 04 11 00 00 00 ae | 0D5A: movx  @r0,a
1080 0d5b ff 80 da 0000 cf 30 00 00 00 00 00 00 00 86 04 04 11 00 00 00 ae | 0D5B: inc   r0
1081 0d5c ff 80 da 0000 d0 30 00 00 00 00 00 00 00 86 04 04 11 00 00 00 ae | 0D5C: cjne  r0,#$F8,$0D5A
1082 0d5a ff 80 da 0000 d0 30 00 00 00 00 00 00 00 86 04 04 11 00 00 00 ae | 0D5A: movx  @r0,a
1083 0d5b ff 80 da 0000 d0 30 00 00 00 00 00 00 00 86 04 04 11 00 00 00 ae | 0D5B: inc   r0
1084 0d5c ff 80 da 0000 d1 30 00 00 00 00 00 00 00 86 04 04 11 00 00 00 ae | 0D5C: cjne  r0,#$F8,$0D5A
1085 0d5a ff 80 da 0000 d1 30 00 00 00 00 00 00 00 86 04 04 11 00 00 00 ae | 0D5A: movx  @r0,a
1086 0d5b ff 80 da 0000 d1 30 00 00 00 00 00 00 00 86 04 04 11 00 00 00 ae | 0D5B: inc   r0
1087 0d5c ff 80 da 0000 d2 30 00 00 00 00 00 00 00 86 04 04 11 00 00 00 ae | 0D5C: cjne  r0,#$F8,$0D5A
1088 0d5a ff 80 da 0000 d2 30 00 00 00 00 00 00 00 86 04 04 11 00 00 00 ae | 0D5A: movx  @r0,a
1089 0d5b ff 80 da 0000 d2 30 00 00 00 00 00 00 00 86 04 04 11 00 00 00 ae | 0D5B: inc   r0
1090 0d5c ff 80 da 0000 d3 30 00 00 00 00 00 00 00 86 04 04 11 00 00 00 ae | 0D5C: cjne  r0,#$F8,$0D5A
1091 0d5a ff 80 da 0000 d3 30 00 00 00 00 00 00 00 86 04 04 11 00 00 00 ae | 0D5A: movx  @r0,a
1092 0d5b ff 80 da 0000 d3 30 00 00 00 00 00 00 00 86 04 04 11 00 00 00 ae | 0D5B: inc   r0
1093 0d5c ff 80 da 0000 d4 30 00 00 00 00 00 00 00 86 04 04 11 00 00 00 ae | 0D5C: cjne  r0,#$F8,$0D5A
1094 0d5a ff 80 da 0000 d4 30 00 00 00 00 00 00 00 86 04 04 11 00 00 00 ae | 0D5A: movx  @r0,a
1095 0d5b ff 80 da 0000 d4 30 00 00 00 00 00 00 00 86 04 04 11 00 00 00 ae | 0D5B: inc   r0
1096 0d5c ff 80 da 0000 d5 30 00 00 00 00 00 00 00 86 04 04 11 00 00 00 ae | 0D5C: cjne  r0,#$F8,$0D5A
1097 0d5a ff 80 da 0000 d5 30 00 00 00 00 00 00 00 86 04 04 11 00 00 00 ae | 0D5A: movx  @r0,a
1098 0d5b ff 80 da 0000 d5 30 00 00 00 00 00 00 00 86 04 04 11 00 00 00 ae | 0D5B: inc   r0
1099 0d5c ff 80 da 0000 d6 30 00 00 00 00 00 00 00 86 04 04 11 00 00 00 ae | 0D5C: cjne  r0,#$F8,$0D5A
1100 0d5a ff 80 da 0000 d6 30 00 00 00 00 00 00 00 86 04 04 11 00 00 00 ae | 0D5A: movx  @r0,a
1101 0d5b ff 80 da 0000 d6 30 00 00 00 00 00 00 00 86 04 04 11 00 00 00 ae | 0D5B: inc   r0
1102 0d5c ff 80 da 0000 d7 30 00 00 00 00 00 00 00 86 04 04 11 00 00 00 ae | 0D5C: cjne  r0,#$F8,$0D5A
1103 0d5a ff 80 da 0000 d7 30 00 00 00 00 00 00 00 86 04 04 11 00 00 00 ae | 0D5A: movx  @r0,a
1104 0d5b ff 80 da 0000 d7 30 00 00 00 00 00 00 00 86 04 04 11 00 00 00 ae | 0D5B: inc   r0
1105 0d5c ff 80 da 0000 d8 30 00 00 00 00 00 00 00 86 04 04 11 00 00 00 ae | 0D5C: cjne  r0,#$F8,$0D5A
1106 0d5a ff 80 da 0000 d8 30 00 00 00 00 00 00 00 86 04 04 11 00 00 00 ae | 0D5A: movx  @r0,a
1107 0d5b ff 80 da 0000 d8 30 00 00 00 00 00 00 00 86 04 04 11 00 00 00 ae | 0D5B: inc   r0
1108 0d5c ff 80 da 0000 d9 30 00 00 00 00 00 00 00 86 04 04 11 00 00 00 ae | 0D5C: cjne  r0,#$F8,$0D5A
1109 0d5a ff 80 da 0000 d9 30 00 00 00 00 00 00 00 86 04 04 11 00 00 00 ae | 0D5A: movx  @r0,a
1110 0d5b ff 80 da 0000 d9 30 00 00 00 00 00 00 00 86 04 04 11 00 00 00 ae | 0D5B: inc   r0
1111 0d5c ff 80 da 0000 da 30 00 00 00 00 00 00 00 86 04 04 11 00 00 00 ae | 0D5C: cjne  r0,#$F8,$0D5A
1112 0d5a ff 80 da 0000 da 30 00 00 00 00 00 00 00 86 04 04 11 00 00 00 ae | 0D5A: movx  @r0,a
1113 0d5b ff 80 da 0000 da 30 00 00 00 00 00 00 00 86 04 04 11 00 00 00 ae | 0D5B: inc   r0
1114 0d5c ff 80 da 0000 db 30 00 00 00 00 00 00 00 86 04 04 11 00 00 00 ae | 0D5C: cjne  r0,#$F8,$0D5A
1115 0d5a ff 80 da 0000 db 30 00 00 00 00 00 00 00 86 04 04 11 00 00 00 ae | 0D5A: movx  @r0,a
1116 0d5b ff 80 da 0000 db 30 00 00 00 00 00 00 00 86 04 04 11 00 00 00 ae | 0D5B: inc   r0
1117 0d5c ff 80 da 0000 dc 30 00 00 00 00 00 00 00 86 04 04 11 00 00 00 ae | 0D5C: cjne  r0,#$F8,$0D5A
1118 0d5a ff 80 da 0000 dc 30 00 00 00 00 00 00 00 86 04 04 11 00 00 00 ae | 0D5A: movx  @r0,a
1119 0d5b ff 80 da 0000 dc 30 00 00 00 00 00 00 00 86 04 04 11 00 00 00 ae | 0D5B: inc   r0
1120 0d5c ff 80 da 0000 dd 30 00 00 00 00 00 00 00 86 04 04 11 00 00 00 ae | 0D5C: cjne  r0,#$F8,$0D5A
1121 0d5a ff 80 da 0000 dd 30 00 00 00 00 00 00 00 86 04 04 11 00 00 00 ae | 0D5A: movx  @r0,a
1122 0d5b ff 80 da 0000 dd 30 00 00 00 00 00 00 00 86 04 04 11 00 00 00 ae | 0D5B: inc   r0
1123 0d5c ff 80 da 0000 de 30 00 00 00 00 00 00 00 86 04 04 11 00 00 00 ae | 0D5C: cjne  r0,#$F8,$0D5A
1124 0d5a ff 80 da 0000 de 30 00 00 00 00 00 00 00 86 04 04 11 00 00 00 ae | 0D5A: movx  @r0,a
1125 0d5b ff 80 da 0000 de 30 00 00 00 00 00 00 00 86 04 04 11 00 00 00 ae | 0D5B: inc   r0
1126 0d5c ff 80 da 0000 df 30 00 00 00 00 00 00 00 86 04 04 11 00 00 00 ae | 0D5C: cjne  r0,#$F8,$0D5A
1127 0d5a ff 80 da 0000 df 30 00 00 00 00 00 00 00 86 04 04 11 00 00 00 ae | 0D5A: movx  @r0,a
1128 0d5b ff 80 da 0000 df 30 00 00 00 00 00 00 00 86 04 04 11 00 00 00 ae | 0D5B: inc   r0
1129 0d5c ff 80 da 0000 e0 30 00 00 00 00 00 00 00 86 04 04 11 00 00 00 ae | 0D5C: cjne  r0,#$F8,$0D5A
1130 0d5a ff 80 da 0000 e0 30 00 00 00 00 00 00 00 86 04 04 11 00 00 00 ae | 0D5A: movx  @r0,a
1131 0d5b ff 80 da 0000 e0 30 00 00 00 00 00 00 00 86 04 04 11 00 00 00 ae | 0D5B: inc   r0
1132 0d5c ff 80 da 0000 e1 30 00 00 00 00 00 00 00 86 04 04 11 00 00 00 ae | 0D5C: cjne  r0,#$F8,$0D5A
1133 0d5a ff 80 da 0000 e1 30 00 00 00 00 00 00 00 86 04 04 11 00 00 00 ae | 0D5A: movx  @r0,a
1134 0d5b ff 80 da 0000 e1 30 00 00 00 00 00 00 00 86 04 04 11 00 00 00 ae | 0D5B: inc   r0
1135 0d5c ff 80 da 0000 e2 30 00 00 00 00 00 00 00 86 04 04 11 00 00 00 ae | 0D5C: cjne  r0,#$F8,$0D5A
1136 0d5a ff 80 da 0000 e2 30 00 00 00 00 00 00 00 86 04 04 11 00 00 00 ae | 0D5A: movx  @r0,a
1137 0d5b ff 80 da 0000 e2 30 00 00 00 00 00 00 00 86 04 04 11 00 00 00 ae | 0D5B: inc   r0
1138 0d5c ff 80 da 0000 e3 30 00 00 00 00 00 00 00 86 04 04 11 00 00 00 ae | 0D5C: cjne  r0,#$F8,$0D5A
1139 0d5a ff 80 da 0000 e3 30 00 00 00 00 00 00 00 86 04 04 11 00 00 00 ae | 0D5A: movx  @r0,a
1140 0d5b ff 80 da 0000 e3 30 00 00 00 00 00 00 00 86 04 04 11 00 00 00 ae | 0D5B: inc   r0
1141 0d5c ff 80 da 0000 e4 30 00 00 00 00 00 00 00 86 04 04 11 00 00 00 ae | 0D5C: cjne  r0,#$F8,$0D5A
1142 0d5a ff 80 da 0000 e4 30 00 00 00 00 00 00 00 86 04 04 11 00 00 00 ae | 0D5A: movx  @r0,a
1143 0d5b ff 80 da 0000 e4 30 00 00 00 00 00 00 00 86 04 04 11 00 00 00 ae | 0D5B: inc   r0
1144 0d5c ff 80 da 0000 e5 30 00 00 00 00 00 00 00 86 04 04 11 00 00 00 ae | 0D5C: cjne  r0,#$F8,$0D5A
1145 0d5a ff 80 da 0000 e5 30 00 00 00 00 00 00 00 86 04 04 11 00 00 00 ae | 0D5A: movx  @r0,a
1146 0d5b ff 80 da 0000 e5 30 00 00 00 00 00 00 00 86 04 04 11 00 00 00 ae | 0D5B: inc   r0
1147 0d5c ff 80 da 0000 e6 30 00 00 00 00 00 00 00 86 04 04 11 00 00 00 ae | 0D5C: cjne  r0,#$F8,$0D5A
1148 0d5a ff 80 da 0000 e6 30 00 00 00 00 00 00 00 86 04 04 11 00 00 00 ae | 0D5A: movx  @r0,a
1149 0d5b ff 80 da 0000 e6 30 00 00 00 00 00 00 00 86 04 04 11 00 00 00 ae | 0D5B: inc   r0
1150 0d5c ff 80 da 0000 e7 30 00 00 00 00 00 00 00 86 04 04 11 00 00 00 ae | 0D5C: cjne  r0,#$F8,$0D5A
1151 0d5a ff 80 da 0000 e7 30 00 00 00 00 00 00 00 86 04 04 11 00 00 00 ae | 0D5A: movx  @r0,a
1152 0d5b ff 80 da 0000 e7 30 00 00 00 00 00 00 00 86 04 04 11 00 00 00 ae | 0D5B: inc   r0
1153 0d5c ff 80 da 0000 e8 30 00 00 00 00 00 00 00 86 04 04 11 00 00 00 ae | 0D5C: cjne  r0,#$F8,$0D5A
1154 0d5a ff 80 da 0000 e8 30 00 00 00 00 00 00 00 86 04 04 11 00 00 00 ae | 0D5A: movx  @r0,a
1155 0d5b ff 80 da 0000 e8 30 00 00 00 00 00 00 00 86 04 04 11 00 00 00 ae | 0D5B: inc   r0
1156 0d5c ff 80 da 0000 e9 30 00 00 00 00 00 00 00 86 04 04 11 00 00 00 ae | 0D5C: cjne  r0,#$F8,$0D5A
1157 0d5a ff 80 da 0000 e9 30 00 00 00 00 00 00 00 86 04 04 11 00 00 00 ae | 0D5A: movx  @r0,a
1158 0d5b ff 80 da 0000 e9 30 00 00 00 00 00 00 00 86 04 04 11 00 00 00 ae | 0D5B: inc   r0
1159 0d5c ff 80 da 0000 ea 30 00 00 00 00 00 00 00 86 04 04 11 00 00 00 ae | 0D5C: cjne  r0,#$F8,$0D5A
1160 0d5a ff 80 da 0000 ea 30 00 00 00 00 00 00 00 86 04 04 11 00 00 00 ae | 0D5A: movx  @r0,a
1161 0d5b ff 80 da 0000 ea 30 00 00 00 00 00 00 00 86 04 04 11 00 00 00 ae | 0D5B: inc   r0
1162 0d5c ff 80 da 0000 eb 30 00 00 00 00 00 00 00 86 04 04 11 00 00 00 ae | 0D5C: cjne  r0,#$F8,$0D5A
1163 0d5a ff 80 da 0000 eb 30 00 00 00 00 00 00 00 86 04 04 11 00 00 00 ae | 0D5A: movx  @r0,a
1164 0d5b ff 80 da 0000 eb 30 00 00 00 00 00 00 00 86 04 04 11 00 00 00 ae | 0D5B: inc   r0
1165 0d5c ff 80 da 0000 ec 30 00 00 00 00 00 00 00 86 04 04 11 00 00 00 ae | 0D5C: cjne  r0,#$F8,$0D5A
1166 0d5a ff 80 da 0000 ec 30 00 00 00 00 00 00 00 86 04 04 11 00 00 00 ae | 0D5A: movx  @r0,a
1167 0d5b ff 80 da 0000 ec 30 00 00 00 00 00 00 00 86 04 04 11 00 00 00 ae | 0D5B: inc   r0
1168 0d5c ff 80 da 0000 ed 30 00 00 00 00 00 00 00 86 04 04 11 00 00 00 ae | 0D5C: cjne  r0,#$F8,$0D5A
1169 0d5a ff 80 da 0000 ed 30 00 00 00 00 00 00 00 86 04 04 11 00 00 00 ae | 0D5A: movx  @r0,a
1170 0d5b ff 80 da 0000 ed 30 00 00 00 00 00 00 00 86 04 04 11 00 00 00 ae | 0D5B: inc   r0
1171 0d5c ff 80 da 0000 ee 30 00 00 00 00 00 00 00 86 04 04 11 00 00 00 ae | 0D5C: cjne  r0,#$F8,$0D5A
1172 0d5a ff 80 da 0000 ee 30 00 00 00 00 00 00 00 86 04 04 11 00 00 00 ae | 0D5A: movx  @r0,a
1173 0d5b ff 80 da 0000 ee 30 00 00 00 00 00 00 00 86 04 04 11 00 00 00 ae | 0D5B: inc   r0
1174 0d5c ff 80 da 0000 ef 30 00 00 00 00 00 00 00 86 04 04 11 00 00 00 ae | 0D5C: cjne  r0,#$F8,$0D5A
1175 0d5a ff 80 da 0000 ef 30 00 00 00 00 00 00 00 86 04 04 11 00 00 00 ae | 0D5A: movx  @r0,a
1176 0d5b ff 80 da 0000 ef 30 00 00 00 00 00 00 00 86 04 04 11 00 00 00 ae | 0D5B: inc   r0
1177 0d5c ff 80 da 0000 f0 30 00 00 00 00 00 00 00 86 04 04 11 00 00 00 ae | 0D5C: cjne  r0,#$F8,$0D5A
1178 0d5a ff 80 da 0000 f0 30 00 00 00 00 00 00 00 86 04 04 11 00 00 00 ae | 0D5A: movx  @r0,a
1179 0d5b ff 80 da 0000 f0 30 00 00 00 00 00 00 00 86 04 04 11 00 00 00 ae | 0D5B: inc   r0
1180 0d5c ff 80 da 0000 f1 30 00 00 00 00 00 00 00 86 04 04 11 00 00 00 ae | 0D5C: cjne  r0,#$F8,$0D5A
1181 0d5a ff 80 da 0000 f1 30 00 00 00 00 00 00 00 86 04 04 11 00 00 00 ae | 0D5A: movx  @r0,a
1182 0d5b ff 80 da 0000 f1 30 00 00 00 00 00 00 00 86 04 04 11 00 00 00 ae | 0D5B: inc   r0
1183 0d5c ff 80 da 0000 f2 30 00 00 00 00 00 00 00 86 04 04 11 00 00 00 ae | 0D5C: cjne  r0,#$F8,$0D5A
1184 0d5a ff 80 da 0000 f2 30 00 00 00 00 00 00 00 86 04 04 11 00 00 00 ae | 0D5A: movx  @r0,a
1185 0d5b ff 80 da 0000 f2 30 00 00 00 00 00 00 00 86 04 04 11 00 00 00 ae | 0D5B: inc   r0
1186 0d5c ff 80 da 0000 f3 30 00 00 00 00 00 00 00 86 04 04 11 00 00 00 ae | 0D5C: cjne  r0,#$F8,$0D5A
1187 0d5a ff 80 da 0000 f3 30 00 00 00 00 00 00 00 86 04 04 11 00 00 00 ae | 0D5A: movx  @r0,a
1188 0d5b ff 80 da 0000 f3 30 00 00 00 00 00 00 00 86 04 04 11 00 00 00 ae | 0D5B: inc   r0
1189 0d5c ff 80 da 0000 f4 30 00 00 00 00 00 00 00 86 04 04 11 00 00 00 ae | 0D5C: cjne  r0,#$F8,$0D5A
1190 0d5a ff 80 da 0000 f4 30 00 00 00 00 00 00 00 86 04 04 11 00 00 00 ae | 0D5A: movx  @r0,a
1191 0d5b ff 80 da 0000 f4 30 00 00 00 00 00 00 00 86 04 04 11 00 00 00 ae | 0D5B: inc   r0
1192 0d5c ff 80 da 0000 f5 30 00 00 00 00 00 00 00 86 04 04 11 00 00 00 ae | 0D5C: cjne  r0,#$F8,$0D5A
1193 0d5a ff 80 da 0000 f5 30 00 00 00 00 00 00 00 86 04 04 11 00 00 00 ae | 0D5A: movx  @r0,a
1194 0d5b ff 80 da 0000 f5 30 00 00 00 00 00 00 00 86 04 04 11 00 00 00 ae | 0D5B: inc   r0
1195 0d5c ff 80 da 0000 f6 30 00 00 00 00 00 00 00 86 04 04 11 00 00 00 ae | 0D5C: cjne  r0,#$F8,$0D5A
1196 0d5a ff 80 da 0000 f6 30 00 00 00 00 00 00 00 86 04 04 11 00 00 00 ae | 0D5A: movx  @r0,a
1197 0d5b ff 80 da 0000 f6 30 00 00 00 00 00 00 00 86 04 04 11 00 00 00 ae | 0D5B: inc   r0
1198 0d5c ff 80 da 0000 f7 30 00 00 00 00 00 00 00 86 04 04 11 00 00 00 ae | 0D5C: cjne  r0,#$F8,$0D5A
1199 0d5a ff 80 da 0000 f7 30 00 00 00 00 00 00 00 86 04 04 11 00 00 00 ae | 0D5A: movx  @r0,a
1200 0d5b ff 80 da 0000 f7 30 00 00 00 00 00 00 00 86 04 04 11 00 00 00 ae | 0D5B: inc   r0
1201 0d5c ff 80 da 0000 f8 30 00 00 00 00 00 00 00 86 04 04 11 00 00 00 ae | 0D5C: cjne  r0,#$F8,$0D5A
1202 0d5f ff 00 da 0000 f8 30 00 00 00 00 00 00 00 86 04 04 11 00 00 00 ae | 0D5F: ret
1203 0077 ff 00 d8 0000 f8 30 00 00 00 00 00 00 00 86 04 04 11 00 00 00 ae | 0077: mov   $6F,#$78
1204 007a ff 00 d8 0000 f8 30 00 00 00 00 00 00 00 86 04 04 11 00 00 00 ae | 007A: mov   $68,#$01
1205 007d ff 00 d8 0000 f8 30 00 00 00 00 00 00 00 86 04 04 11 00 00 00 ae | 007D: mov   a,#$04
1206 007f 04 01 d8 0000 f8 30 00 00 00 00 00 00 00 86 04 04 11 00 00 00 ae | 007F: mov   $23,a
1207 0081 04 01 d8 0000 f8 30 00 00 00 00 00 00 00 86 04 04 11 00 00 00 ae | 0081: cjne  a,#$04,$0089
1208 0084 04 01 d8 0000 f8 30 00 00 00 00 00 00 00 86 04 04 11 00 00 00 ae | 0084: clr   t0
1209 0086 04 01 d8 0000 f8 30 00 00 00 00 00 00 00 86 04 04 11 00 00 00 ae | 0086: ljmp  $008E
1210 008e 04 01 d8 0000 f8 30 00 00 00 00 00 00 00 86 04 04 11 00 00 00 ae | 008E: jnb   $20.3,$0098
1211 0098 04 01 d8 0000 f8 30 00 00 00 00 00 00 00 86 04 04 11 00 00 00 ae | 0098: mov   a,rb3r3
1212 009a 00 00 d8 0000 f8 30 00 00 00 00 00 00 00 86 04 04 11 00 00 00 ae | 009A: jnz   $0091
1213 009c 00 00 d8 0000 f8 30 00 00 00 00 00 00 00 86 04 04 11 00 00 00 ae | 009C: lcall $00F6
1214 00f6 00 00 da 0000 f8 30 00 00 00 00 00 00 00 86 04 04 11 00 00 00 ae | 00F6: mov   r0,#$A8
1215 00f8 00 00 da 0000 a8 30 00 00 00 00 00 00 00 86 04 04 11 00 00 00 ae | 00F8: mov   rb3r7,#$C8
1216 00fb 00 00 da 0000 a8 30 00 00 00 00 00 00 00 86 04 04 11 00 00 00 ae | 00FB: mov   r4,#$00
1217 00fd 00 00 da 0000 a8 30 00 00 00 00 00 00 00 86 04 04 11 00 00 00 ae | 00FD: mov   p2,#$00
1218 0100 00 00 da 0000 a8 30 00 00 00 00 00 00 00 86 04 04 11 00 00 00 ae | 0100: mov   rb3r5,r0
1219 0102 00 00 da 0000 a8 30 00 00 00 00 00 00 00 86 04 04 11 00 00 00 ae | 0102: mov   p2,#$00
1220 0105 00 00 da 0000 a8 30 00 00 00 00 00 00 00 86 04 04 11 00 00 00 ae | 0105: mov   r1,rb3r7
1221 0107 00 00 da 0000 a8 c8 00 00 00 00 00 00 00 86 04 04 11 00 00 00 ae | 0107: mov   a,@r1
1222 0108 ff 00 da 0000 a8 c8 00 00 00 00 00 00 00 86 04 04 11 00 00 00 ae | 0108: mov   rb3r4,a
1223 010a ff 00 da 0000 a8 c8 00 00 00 00 00 00 00 86 04 04 11 00 00 00 ae | 010A: cjne  a,#$FF,$0110
1224 010d ff 00 da 0000 a8 c8 00 00 00 00 00 00 00 86 04 04 11 00 00 00 ae | 010D: ljmp  $0113
1225 0113 ff 00 da 0000 a8 c8 00 00 00 00 00 00 00 86 04 04 11 00 00 00 ae | 0113: inc   r0
1226 0114 ff 00 da 0000 a9 c8 00 00 00 00 00 00 00 86 04 04 11 00 00 00 ae | 0114: ljmp  $0158
1227 0158 ff 00 da 0000 a9 c8 00 00 00 00 00 00 00 86 04 04 11 00 00 00 ae | 0158: inc   r0
1228 0159 ff 00 da 0000 aa c8 00 00 00 00 00 00 00 86 04 04 11 00 00 00 ae | 0159: inc   rb3r7
1229 015b ff 00 da 0000 aa c8 00 00 00 00 00 00 00 86 04 04 11 00 00 00 ae | 015B: inc   r4
1230 015c ff 00 da 0000 aa c8 00 00 01 00 00 00 00 86 04 04 11 00 00 00 ae | 015C: cjne  r0,#$C8,$00FD
1231 00fd ff 80 da 0000 aa c8 00 00 01 00 00 00 00 86 04 04 11 00 00 00 ae | 00FD: mov   p2,#$00
1232 0100 ff 80 da 0000 aa c8 00 00 01 00 00 00 00 86 04 04 11 00 00 00 ae | 0100: mov   rb3r5,r0
1233 0102 ff 80 da 0000 aa c8 00 00 01 00 00 00 00 86 04 04 11 00 00 00 ae | 0102: mov   p2,#$00
1234 0105 ff 80 da 0000 aa c8 00 00 01 00 00 00 00 86 04 04 11 00 00 00 ae | 0105: mov   r1,rb3r7
1235 0107 ff 80 da 0000 aa c9 00 00 01 00 00 00 00 86 04 04 11 00 00 00 ae | 0107: mov   a,@r1
1236 0108 ff 80 da 0000 aa c9 00 00 01 00 00 00 00 86 04 04 11 00 00 00 ae | 0108: mov   rb3r4,a
1237 010a ff 80 da 0000 aa c9 00 00 01 00 00 00 00 86 04 04 11 00 00 00 ae | 010A: cjne  a,#$FF,$0110
1238 010d ff 00 da 0000 aa c9 00 00 01 00 00 00 00 86 04 04 11 00 00 00 ae | 010D: ljmp  $0113
1239 0113 ff 00 da 0000 aa c9 00 00 01 00 00 00 00 86 04 04 11 00 00 00 ae | 0113: inc   r0
1240 0114 ff 00 da 0000 ab c9 00 00 01 00 00 00 00 86 04 04 11 00 00 00 ae | 0114: ljmp  $0158
1241 0158 ff 00 da 0000 ab c9 00 00 01 00 00 00 00 86 04 04 11 00 00 00 ae | 0158: inc   r0
1242 0159 ff 00 da 0000 ac c9 00 00 01 00 00 00 00 86 04 04 11 00 00 00 ae | 0159: inc   rb3r7
1243 015b ff 00 da 0000 ac c9 00 00 01 00 00 00 00 86 04 04 11 00 00 00 ae | 015B: inc   r4
1244 015c ff 00 da 0000 ac c9 00 00 02 00 00 00 00 86 04 04 11 00 00 00 ae | 015C: cjne  r0,#$C8,$00FD
1245 00fd ff 80 da 0000 ac c9 00 00 02 00 00 00 00 86 04 04 11 00 00 00 ae | 00FD: mov   p2,#$00
1246 0100 ff 80 da 0000 ac c9 00 00 02 00 00 00 00 86 04 04 11 00 00 00 ae | 0100: mov   rb3r5,r0
1247 0102 ff 80 da 0000 ac c9 00 00 02 00 00 00 00 86 04 04 11 00 00 00 ae | 0102: mov   p2,#$00
1248 0105 ff 80 da 0000 ac c9 00 00 02 00 00 00 00 86 04 04 11 00 00 00 ae | 0105: mov   r1,rb3r7
1249 0107 ff 80 da 0000 ac ca 00 00 02 00 00 00 00 86 04 04 11 00 00 00 ae | 0107: mov   a,@r1
1250 0108 ff 80 da 0000 ac ca 00 00 02 00 00 00 00 86 04 04 11 00 00 00 ae | 0108: mov   rb3r4,a
1251 010a ff 80 da 0000 ac ca 00 00 02 00 00 00 00 86 04 04 11 00 00 00 ae | 010A: cjne  a,#$FF,$0110
1252 010d ff 00 da 0000 ac ca 00 00 02 00 00 00 00 86 04 04 11 00 00 00 ae | 010D: ljmp  $0113
1253 0113 ff 00 da 0000 ac ca 00 00 02 00 00 00 00 86 04 04 11 00 00 00 ae | 0113: inc   r0
1254 0114 ff 00 da 0000 ad ca 00 00 02 00 00 00 00 86 04 04 11 00 00 00 ae | 0114: ljmp  $0158
1255 0158 ff 00 da 0000 ad ca 00 00 02 00 00 00 00 86 04 04 11 00 00 00 ae | 0158: inc   r0
1256 0159 ff 00 da 0000 ae ca 00 00 02 00 00 00 00 86 04 04 11 00 00 00 ae | 0159: inc   rb3r7
1257 015b ff 00 da 0000 ae ca 00 00 02 00 00 00 00 86 04 04 11 00 00 00 ae | 015B: inc   r4
1258 015c ff 00 da 0000 ae ca 00 00 03 00 00 00 00 86 04 04 11 00 00 00 ae | 015C: cjne  r0,#$C8,$00FD
1259 00fd ff 80 da 0000 ae ca 00 00 03 00 00 00 00 86 04 04 11 00 00 00 ae | 00FD: mov   p2,#$00
1260 0100 ff 80 da 0000 ae ca 00 00 03 00 00 00 00 86 04 04 11 00 00 00 ae | 0100: mov   rb3r5,r0
1261 0102 ff 80 da 0000 ae ca 00 00 03 00 00 00 00 86 04 04 11 00 00 00 ae | 0102: mov   p2,#$00
1262 0105 ff 80 da 0000 ae ca 00 00 03 00 00 00 00 86 04 04 11 00 00 00 ae | 0105: mov   r1,rb3r7
1263 0107 ff 80 da 0000 ae cb 00 00 03 00 00 00 00 86 04 04 11 00 00 00 ae | 0107: mov   a,@r1
1264 0108 ff 80 da 0000 ae cb 00 00 03 00 00 00 00 86 04 04 11 00 00 00 ae | 0108: mov   rb3r4,a
1265 010a ff 80 da 0000 ae cb 00 00 03 00 00 00 00 86 04 04 11 00 00 00 ae | 010A: cjne  a,#$FF,$0110
1266 010d ff 00 da 0000 ae cb 00 00 03 00 00 00 00 86 04 04 11 00 00 00 ae | 010D: ljmp  $0113
1267 0113 ff 00 da 0000 ae cb 00 00 03 00 00 00 00 86 04 04 11 00 00 00 ae | 0113: inc   r0
1268 0114 ff 00 da 0000 af cb 00 00 03 00 00 00 00 86 04 04 11 00 00 00 ae | 0114: ljmp  $0158
1269 0158 ff 00 da 0000 af cb 00 00 03 00 00 00 00 86 04 04 11 00 00 00 ae | 0158: inc   r0
1270 0159 ff 00 da 0000 b0 cb 00 00 03 00 00 00 00 86 04 04 11 00 00 00 ae | 0159: inc   rb3r7
1271 015b ff 00 da 0000 b0 cb 00 00 03 00 00 00 00 86 04 04 11 00 00 00 ae | 015B: inc   r4
1272 015c ff 00 da 0000 b0 cb 00 00 04 00 00 00 00 86 04 04 11 00 00 00 ae | 015C: cjne  r0,#$C8,$00FD
1273 00fd ff 80 da 0000 b0 cb 00 00 04 00 00 00 00 86 04 04 11 00 00 00 ae | 00FD: mov   p2,#$00
1274 0100 ff 80 da 0000 b0 cb 00 00 04 00 00 00 00 86 04 04 11 00 00 00 ae | 0100: mov   rb3r5,r0
1275 0102 ff 80 da 0000 b0 cb 00 00 04 00 00 00 00 86 04 04 11 00 00 00 ae | 0102: mov   p2,#$00
1276 0105 ff 80 da 0000 b0 cb 00 00 04 00 00 00 00 86 04 04 11 00 00 00 ae | 0105: mov   r1,rb3r7
1277 0107 ff 80 da 0000 b0 cc 00 00 04 00 00 00 00 86 04 04 11 00 00 00 ae | 0107: mov   a,@r1
1278 0108 ff 80 da 0000 b0 cc 00 00 04 00 00 00 00 86 04 04 11 00 00 00 ae | 0108: mov   rb3r4,a
1279 010a ff 80 da 0000 b0 cc 00 00 04 00 00 00 00 86 04 04 11 00 00 00 ae | 010A: cjne  a,#$FF,$0110
1280 010d ff 00 da 0000 b0 cc 00 00 04 00 00 00 00 86 04 04 11 00 00 00 ae | 010D: ljmp  $0113
1281 0113 ff 00 da 0000 b0 cc 00 00 04 00 00 00 00 86 04 04 11 00 00 00 ae | 0113: inc   r0
1282 0114 ff 00 da 0000 b1 cc 00 00 04 00 00 00 00 86 04 04 11 00 00 00 ae | 0114: ljmp  $0158
1283 0158 ff 00 da 0000 b1 cc 00 00 04 00 00 00 00 86 04 04 11 00 00 00 ae | 0158: inc   r0
1284 0159 ff 00 da 0000 b2 cc 00 00 04 00 00 00 00 86 04 04 11 00 00 00 ae | 0159: inc   rb3r7
1285 015b ff 00 da 0000 b2 cc 00 00 04 00 00 00 00 86 04 04 11 00 00 00 ae | 015B: inc   r4
1286 015c ff 00 da 0000 b2 cc 00 00 05 00 00 00 00 86 04 04 11 00 00 00 ae | 015C: cjne  r0,#$C8,$00FD
1287 00fd ff 80 da 0000 b2 cc 00 00 05 00 00 00 00 86 04 04 11 00 00 00 ae | 00FD: mov   p2,#$00
1288 0100 ff 80 da 0000 b2 cc 00 00 05 00 00 00 00 86 04 04 11 00 00 00 ae | 0100: mov   rb3r5,r0
1289 0102 ff 80 da 0000 b2 cc 00 00 05 00 00 00 00 86 04 04 11 00 00 00 ae | 0102: mov   p2,#$00
1290 0105 ff 80 da 0000 b2 cc 00 00 05 00 00 00 00 86 04 04 11 00 00 00 ae | 0105: mov   r1,rb3r7
1291 0107 ff 80 da 0000 b2 cd 00 00 05 00 00 00 00 86 04 04 11 00 00 00 ae | 0107: mov   a,@r1
1292 0108 ff 80 da 0000 b2 cd 00 00 05 00 00 00 00 86 04 04 11 00 00 00 ae | 0108: mov   rb3r4,a
1293 010a ff 80 da 0000 b2 cd 00 00 05 00 00 00 00 86 04 04 11 00 00 00 ae | 010A: cjne  a,#$FF,$0110
1294 010d ff 00 da 0000 b2 cd 00 00 05 00 00 00 00 86 04 04 11 00 00 00 ae | 010D: ljmp  $0113
1295 0113 ff 00 da 0000 b2 cd 00 00 05 00 00 00 00 86 04 04 11 00 00 00 ae | 0113: inc   r0
1296 0114 ff 00 da 0000 b3 cd 00 00 05 00 00 00 00 86 04 04 11 00 00 00 ae | 0114: ljmp  $0158
1297 0158 ff 00 da 0000 b3 cd 00 00 05 00 00 00 00 86 04 04 11 00 00 00 ae | 0158: inc   r0
1298 0159 ff 00 da 0000 b4 cd 00 00 05 00 00 00 00 86 04 04 11 00 00 00 ae | 0159: inc   rb3r7
1299 015b ff 00 da 0000 b4 cd 00 00 05 00 00 00 00 86 04 04 11 00 00 00 ae | 015B: inc   r4
1300 015c ff 00 da 0000 b4 cd 00 00 06 00 00 00 00 86 04 04 11 00 00 00 ae | 015C: cjne  r0,#$C8,$00FD
1301 00fd ff 80 da 0000 b4 cd 00 00 06 00 00 00 00 86 04 04 11 00 00 00 ae | 00FD: mov   p2,#$00
1302 0100 ff 80 da 0000 b4 cd 00 00 06 00 00 00 00 86 04 04 11 00 00 00 ae | 0100: mov   rb3r5,r0
1303 0102 ff 80 da 0000 b4 cd 00 00 06 00 00 00 00 86 04 04 11 00 00 00 ae | 0102: mov   p2,#$00
1304 0105 ff 80 da 0000 b4 cd 00 00 06 00 00 00 00 86 04 04 11 00 00 00 ae | 0105: mov   r1,rb3r7
1305 0107 ff 80 da 0000 b4 ce 00 00 06 00 00 00 00 86 04 04 11 00 00 00 ae | 0107: mov   a,@r1
1306 0108 ff 80 da 0000 b4 ce 00 00 06 00 00 00 00 86 04 04 11 00 00 00 ae | 0108: mov   rb3r4,a
1307 010a ff 80 da 0000 b4 ce 00 00 06 00 00 00 00 86 04 04 11 00 00 00 ae | 010A: cjne  a,#$FF,$0110
1308 010d ff 00 da 0000 b4 ce 00 00 06 00 00 00 00 86 04 04 11 00 00 00 ae | 010D: ljmp  $0113
1309 0113 ff 00 da 0000 b4 ce 00 00 06 00 00 00 00 86 04 04 11 00 00 00 ae | 0113: inc   r0
1310 0114 ff 00 da 0000 b5 ce 00 00 06 00 00 00 00 86 04 04 11 00 00 00 ae | 0114: ljmp  $0158
1311 0158 ff 00 da 0000 b5 ce 00 00 06 00 00 00 00 86 04 04 11 00 00 00 ae | 0158: inc   r0
1312 0159 ff 00 da 0000 b6 ce 00 00 06 00 00 00 00 86 04 04 11 00 00 00 ae | 0159: inc   rb3r7
1313 015b ff 00 da 0000 b6 ce 00 00 06 00 00 00 00 86 04 04 11 00 00 00 ae | 015B: inc   r4
1314 015c ff 00 da 0000 b6 ce 00 00 07 00 00 00 00 86 04 04 11 00 00 00 ae | 015C: cjne  r0,#$C8,$00FD
1315 00fd ff 80 da 0000 b6 ce 00 00 07 00 00 00 00 86 04 04 11 00 00 00 ae | 00FD: mov   p2,#$00
1316 0100 ff 80 da 0000 b6 ce 00 00 07 00 00 00 00 86 04 04 11 00 00 00 ae | 0100: mov   rb3r5,r0
1317 0102 ff 80 da 0000 b6 ce 00 00 07 00 00 00 00 86 04 04 11 00 00 00 ae | 0102: mov   p2,#$00
1318 0105 ff 80 da 0000 b6 ce 00 00 07 00 00 00 00 86 04 04 11 00 00 00 ae | 0105: mov   r1,rb3r7
1319 0107 ff 80 da 0000 b6 cf 00 00 07 00 00 00 00 86 04 04 11 00 00 00 ae | 0107: mov   a,@r1
1320 0108 ff 80 da 0000 b6 cf 00 00 07 00 00 00 00 86 04 04 11 00 00 00 ae | 0108: mov   rb3r4,a
1321 010a ff 80 da 0000 b6 cf 00 00 07 00 00 00 00 86 04 04 11 00 00 00 ae | 010A: cjne  a,#$FF,$0110
1322 010d ff 00 da 0000 b6 cf 00 00 07 00 00 00 00 86 04 04 11 00 00 00 ae | 010D: ljmp  $0113
1323 0113 ff 00 da 0000 b6 cf 00 00 07 00 00 00 00 86 04 04 11 00 00 00 ae | 0113: inc   r0
1324 0114 ff 00 da 0000 b7 cf 00 00 07 00 00 00 00 86 04 04 11 00 00 00 ae | 0114: ljmp  $0158
1325 0158 ff 00 da 0000 b7 cf 00 00 07 00 00 00 00 86 04 04 11 00 00 00 ae | 0158: inc   r0
1326 0159 ff 00 da 0000 b8 cf 00 00 07 00 00 00 00 86 04 04 11 00 00 00 ae | 0159: inc   rb3r7
1327 015b ff 00 da 0000 b8 cf 00 00 07 00 00 00 00 86 04 04 11 00 00 00 ae | 015B: inc   r4
1328 015c ff 00 da 0000 b8 cf 00 00 08 00 00 00 00 86 04 04 11 00 00 00 ae | 015C: cjne  r0,#$C8,$00FD
1329 00fd ff 80 da 0000 b8 cf 00 00 08 00 00 00 00 86 04 04 11 00 00 00 ae | 00FD: mov   p2,#$00
1330 0100 ff 80 da 0000 b8 cf 00 00 08 00 00 00 00 86 04 04 11 00 00 00 ae | 0100: mov   rb3r5,r0
1331 0102 ff 80 da 0000 b8 cf 00 00 08 00 00 00 00 86 04 04 11 00 00 00 ae | 0102: mov   p2,#$00
1332 0105 ff 80 da 0000 b8 cf 00 00 08 00 00 00 00 86 04 04 11 00 00 00 ae | 0105: mov   r1,rb3r7
1333 0107 ff 80 da 0000 b8 d0 00 00 08 00 00 00 00 86 04 04 11 00 00 00 ae | 0107: mov   a,@r1
1334 0108 ff 80 da 0000 b8 d0 00 00 08 00 00 00 00 86 04 04 11 00 00 00 ae | 0108: mov   rb3r4,a
1335 010a ff 80 da 0000 b8 d0 00 00 08 00 00 00 00 86 04 04 11 00 00 00 ae | 010A: cjne  a,#$FF,$0110
1336 010d ff 00 da 0000 b8 d0 00 00 08 00 00 00 00 86 04 04 11 00 00 00 ae | 010D: ljmp  $0113
1337 0113 ff 00 da 0000 b8 d0 00 00 08 00 00 00 00 86 04 04 11 00 00 00 ae | 0113: inc   r0
1338 0114 ff 00 da 0000 b9 d0 00 00 08 00 00 00 00 86 04 04 11 00 00 00 ae | 0114: ljmp  $0158
1339 0158 ff 00 da 0000 b9 d0 00 00 08 00 00 00 00 86 04 04 11 00 00 00 ae | 0158: inc   r0
1340 0159 ff 00 da 0000 ba d0 00 00 08 00 00 00 00 86 04 04 11 00 00 00 ae | 0159: inc   rb3r7
1341 015b ff 00 da 0000 ba d0 00 00 08 00 00 00 00 86 04 04 11 00 00 00 ae | 015B: inc   r4
1342 015c ff 00 da 0000 ba d0 00 00 09 00 00 00 00 86 04 04 11 00 00 00 ae | 015C: cjne  r0,#$C8,$00FD
1343 00fd ff 80 da 0000 ba d0 00 00 09 00 00 00 00 86 04 04 11 00 00 00 ae | 00FD: mov   p2,#$00
1344 0100 ff 80 da 0000 ba d0 00 00 09 00 00 00 00 86 04 04 11 00 00 00 ae | 0100: mov   rb3r5,r0
1345 0102 ff 80 da 0000 ba d0 00 00 09 00 00 00 00 86 04 04 11 00 00 00 ae | 0102: mov   p2,#$00
1346 0105 ff 80 da 0000 ba d0 00 00 09 00 00 00 00 86 04 04 11 00 00 00 ae | 0105: mov   r1,rb3r7
1347 0107 ff 80 da 0000 ba d1 00 00 09 00 00 00 00 86 04 04 11 00 00 00 ae | 0107: mov   a,@r1
1348 0108 ff 80 da 0000 ba d1 00 00 09 00 00 00 00 86 04 04 11 00 00 00 ae | 0108: mov   rb3r4,a
1349 010a ff 80 da 0000 ba d1 00 00 09 00 00 00 00 86 04 04 11 00 00 00 ae | 010A: cjne  a,#$FF,$0110
1350 010d ff 00 da 0000 ba d1 00 00 09 00 00 00 00 86 04 04 11 00 00 00 ae | 010D: ljmp  $0113
1351 0113 ff 00 da 0000 ba d1 00 00 09 00 00 00 00 86 04 04 11 00 00 00 ae | 0113: inc   r0
1352 0114 ff 00 da 0000 bb d1 00 00 09 00 00 00 00 86 04 04 11 00 00 00 ae | 0114: ljmp  $0158
1353 0158 ff 00 da 0000 bb d1 00 00 09 00 00 00 00 86 04 04 11 00 00 00 ae | 0158: inc   r0
1354 0159 ff 00 da 0000 bc d1 00 00 09 00 00 00 00 86 04 04 11 00 00 00 ae | 0159: inc   rb3r7
1355 015b ff 00 da 0000 bc d1 00 00 09 00 00 00 00 86 04 04 11 00 00 00 ae | 015B: inc   r4
1356 015c ff 00 da 0000 bc d1 00 00 0a 00 00 00 00 86 04 04 11 00 00 00 ae | 015C: cjne  r0,#$C8,$00FD
1357 00fd ff 80 da 0000 bc d1 00 00 0a 00 00 00 00 86 04 04 11 00 00 00 ae | 00FD: mov   p2,#$00
1358 0100 ff 80 da 0000 bc d1 00 00 0a 00 00 00 00 86 04 04 11 00 00 00 ae | 0100: mov   rb3r5,r0
1359 0102 ff 80 da 0000 bc d1 00 00 0a 00 00 00 00 86 04 04 11 00 00 00 ae | 0102: mov   p2,#$00
1360 0105 ff 80 da 0000 bc d1 00 00 0a 00 00 00 00 86 04 04 11 00 00 00 ae | 0105: mov   r1,rb3r7
1361 0107 ff 80 da 0000 bc d2 00 00 0a 00 00 00 00 86 04 04 11 00 00 00 ae | 0107: mov   a,@r1
1362 0108 ff 80 da 0000 bc d2 00 00 0a 00 00 00 00 86 04 04 11 00 00 00 ae | 0108: mov   rb3r4,a
1363 010a ff 80 da 0000 bc d2 00 00 0a 00 00 00 00 86 04 04 11 00 00 00 ae | 010A: cjne  a,#$FF,$0110
1364 010d ff 00 da 0000 bc d2 00 00 0a 00 00 00 00 86 04 04 11 00 00 00 ae | 010D: ljmp  $0113
1365 0113 ff 00 da 0000 bc d2 00 00 0a 00 00 00 00 86 04 04 11 00 00 00 ae | 0113: inc   r0
1366 0114 ff 00 da 0000 bd d2 00 00 0a 00 00 00 00 86 04 04 11 00 00 00 ae | 0114: ljmp  $0158
1367 0158 ff 00 da 0000 bd d2 00 00 0a 00 00 00 00 86 04 04 11 00 00 00 ae | 0158: inc   r0
1368 0159 ff 00 da 0000 be d2 00 00 0a 00 00 00 00 86 04 04 11 00 00 00 ae | 0159: inc   rb3r7
1369 015b ff 00 da 0000 be d2 00 00 0a 00 00 00 00 86 04 04 11 00 00 00 ae | 015B: inc   r4
1370 015c ff 00 da 0000 be d2 00 00 0b 00 00 00 00 86 04 04 11 00 00 00 ae | 015C: cjne  r0,#$C8,$00FD
1371 00fd ff 80 da 0000 be d2 00 00 0b 00 00 00 00 86 04 04 11 00 00 00 ae | 00FD: mov   p2,#$00
1372 0100 ff 80 da 0000 be d2 00 00 0b 00 00 00 00 86 04 04 11 00 00 00 ae | 0100: mov   rb3r5,r0
1373 0102 ff 80 da 0000 be d2 00 00 0b 00 00 00 00 86 04 04 11 00 00 00 ae | 0102: mov   p2,#$00
1374 0105 ff 80 da 0000 be d2 00 00 0b 00 00 00 00 86 04 04 11 00 00 00 ae | 0105: mov   r1,rb3r7
1375 0107 ff 80 da 0000 be d3 00 00 0b 00 00 00 00 86 04 04 11 00 00 00 ae | 0107: mov   a,@r1
1376 0108 ff 80 da 0000 be d3 00 00 0b 00 00 00 00 86 04 04 11 00 00 00 ae | 0108: mov   rb3r4,a
1377 010a ff 80 da 0000 be d3 00 00 0b 00 00 00 00 86 04 04 11 00 00 00 ae | 010A: cjne  a,#$FF,$0110
1378 010d ff 00 da 0000 be d3 00 00 0b 00 00 00 00 86 04 04 11 00 00 00 ae | 010D: ljmp  $0113
1379 0113 ff 00 da 0000 be d3 00 00 0b 00 00 00 00 86 04 04 11 00 00 00 ae | 0113: inc   r0
1380 0114 ff 00 da 0000 bf d3 00 00 0b 00 00 00 00 86 04 04 11 00 00 00 ae | 0114: ljmp  $0158
1381 0158 ff 00 da 0000 bf d3 00 00 0b 00 00 00 00 86 04 04 11 00 00 00 ae | 0158: inc   r0
1382 0159 ff 00 da 0000 c0 d3 00 00 0b 00 00 00 00 86 04 04 11 00 00 00 ae | 0159: inc   rb3r7
1383 015b ff 00 da 0000 c0 d3 00 00 0b 00 00 00 00 86 04 04 11 00 00 00 ae | 015B: inc   r4
1384 015c ff 00 da 0000 c0 d3 00 00 0c 00 00 00 00 86 04 04 11 00 00 00 ae | 015C: cjne  r0,#$C8,$00FD
1385 00fd ff 80 da 0000 c0 d3 00 00 0c 00 00 00 00 86 04 04 11 00 00 00 ae | 00FD: mov   p2,#$00
1386 0100 ff 80 da 0000 c0 d3 00 00 0c 00 00 00 00 86 04 04 11 00 00 00 ae | 0100: mov   rb3r5,r0
1387 0102 ff 80 da 0000 c0 d3 00 00 0c 00 00 00 00 86 04 04 11 00 00 00 ae | 0102: mov   p2,#$00
1388 0105 ff 80 da 0000 c0 d3 00 00 0c 00 00 00 00 86 04 04 11 00 00 00 ae | 0105: mov   r1,rb3r7
1389 0107 ff 80 da 0000 c0 d4 00 00 0c 00 00 00 00 86 04 04 11 00 00 00 ae | 0107: mov   a,@r1
1390 0108 ff 80 da 0000 c0 d4 00 00 0c 00 00 00 00 86 04 04 11 00 00 00 ae | 0108: mov   rb3r4,a
1391 010a ff 80 da 0000 c0 d4 00 00 0c 00 00 00 00 86 04 04 11 00 00 00 ae | 010A: cjne  a,#$FF,$0110
1392 010d ff 00 da 0000 c0 d4 00 00 0c 00 00 00 00 86 04 04 11 00 00 00 ae | 010D: ljmp  $0113
1393 0113 ff 00 da 0000 c0 d4 00 00 0c 00 00 00 00 86 04 04 11 00 00 00 ae | 0113: inc   r0
1394 0114 ff 00 da 0000 c1 d4 00 00 0c 00 00 00 00 86 04 04 11 00 00 00 ae | 0114: ljmp  $0158
1395 0158 ff 00 da 0000 c1 d4 00 00 0c 00 00 00 00 86 04 04 11 00 00 00 ae | 0158: inc   r0
1396 0159 ff 00 da 0000 c2 d4 00 00 0c 00 00 00 00 86 04 04 11 00 00 00 ae | 0159: inc   rb3r7
1397 015b ff 00 da 0000 c2 d4 00 00 0c 00 00 00 00 86 04 04 11 00 00 00 ae | 015B: inc   r4
1398 015c ff 00 da 0000 c2 d4 00 00 0d 00 00 00 00 86 04 04 11 00 00 00 ae | 015C: cjne  r0,#$C8,$00FD
1399 00fd ff 80 da 0000 c2 d4 00 00 0d 00 00 00 00 86 04 04 11 00 00 00 ae | 00FD: mov   p2,#$00
1400 0100 ff 80 da 0000 c2 d4 00 00 0d 00 00 00 00 86 04 04 11 00 00 00 ae | 0100: mov   rb3r5,r0
1401 0102 ff 80 da 0000 c2 d4 00 00 0d 00 00 00 00 86 04 04 11 00 00 00 ae | 0102: mov   p2,#$00
1402 0105 ff 80 da 0000 c2 d4 00 00 0d 00 00 00 00 86 04 04 11 00 00 00 ae | 0105: mov   r1,rb3r7
1403 0107 ff 80 da 0000 c2 d5 00 00 0d 00 00 00 00 86 04 04 11 00 00 00 ae | 0107: mov   a,@r1
1404 0108 ff 80 da 0000 c2 d5 00 00 0d 00 00 00 00 86 04 04 11 00 00 00 ae | 0108: mov   rb3r4,a
1405 010a ff 80 da 0000 c2 d5 00 00 0d 00 00 00 00 86 04 04 11 00 00 00 ae | 010A: cjne  a,#$FF,$0110
1406 010d ff 00 da 0000 c2 d5 00 00 0d 00 00 00 00 86 04 04 11 00 00 00 ae | 010D: ljmp  $0113
1407 0113 ff 00 da 0000 c2 d5 00 00 0d 00 00 00 00 86 04 04 11 00 00 00 ae | 0113: inc   r0
1408 0114 ff 00 da 0000 c3 d5 00 00 0d 00 00 00 00 86 04 04 11 00 00 00 ae | 0114: ljmp  $0158
1409 0158 ff 00 da 0000 c3 d5 00 00 0d 00 00 00 00 86 04 04 11 00 00 00 ae | 0158: inc   r0
1410 0159 ff 00 da 0000 c4 d5 00 00 0d 00 00 00 00 86 04 04 11 00 00 00 ae | 0159: inc   rb3r7
1411 015b ff 00 da 0000 c4 d5 00 00 0d 00 00 00 00 86 04 04 11 00 00 00 ae | 015B: inc   r4
1412 015c ff 00 da 0000 c4 d5 00 00 0e 00 00 00 00 86 04 04 11 00 00 00 ae | 015C: cjne  r0,#$C8,$00FD
1413 00fd ff 80 da 0000 c4 d5 00 00 0e 00 00 00 00 86 04 04 11 00 00 00 ae | 00FD: mov   p2,#$00
1414 0100 ff 80 da 0000 c4 d5 00 00 0e 00 00 00 00 86 04 04 11 00 00 00 ae | 0100: mov   rb3r5,r0
1415 0102 ff 80 da 0000 c4 d5 00 00 0e 00 00 00 00 86 04 04 11 00 00 00 ae | 0102: mov   p2,#$00
1416 0105 ff 80 da 0000 c4 d5 00 00 0e 00 00 00 00 86 04 04 11 00 00 00 ae | 0105: mov   r1,rb3r7
1417 0107 ff 80 da 0000 c4 d6 00 00 0e 00 00 00 00 86 04 04 11 00 00 00 ae | 0107: mov   a,@r1
1418 0108 ff 80 da 0000 c4 d6 00 00 0e 00 00 00 00 86 04 04 11 00 00 00 ae | 0108: mov   rb3r4,a
1419 010a ff 80 da 0000 c4 d6 00 00 0e 00 00 00 00 86 04 04 11 00 00 00 ae | 010A: cjne  a,#$FF,$0110
1420 010d ff 00 da 0000 c4 d6 00 00 0e 00 00 00 00 86 04 04 11 00 00 00 ae | 010D: ljmp  $0113
1421 0113 ff 00 da 0000 c4 d6 00 00 0e 00 00 00 00 86 04 04 11 00 00 00 ae | 0113: inc   r0
1422 0114 ff 00 da 0000 c5 d6 00 00 0e 00 00 00 00 86 04 04 11 00 00 00 ae | 0114: ljmp  $0158
1423 0158 ff 00 da 0000 c5 d6 00 00 0e 00 00 00 00 86 04 04 11 00 00 00 ae | 0158: inc   r0
1424 0159 ff 00 da 0000 c6 d6 00 00 0e 00 00 00 00 86 04 04 11 00 00 00 ae | 0159: inc   rb3r7
1425 015b ff 00 da 0000 c6 d6 00 00 0e 00 00 00 00 86 04 04 11 00 00 00 ae | 015B: inc   r4
1426 015c ff 00 da 0000 c6 d6 00 00 0f 00 00 00 00 86 04 04 11 00 00 00 ae | 015C: cjne  r0,#$C8,$00FD
1427 00fd ff 80 da 0000 c6 d6 00 00 0f 00 00 00 00 86 04 04 11 00 00 00 ae | 00FD: mov   p2,#$00
1428 0100 ff 80 da 0000 c6 d6 00 00 0f 00 00 00 00 86 04 04 11 00 00 00 ae | 0100: mov   rb3r5,r0
1429 0102 ff 80 da 0000 c6 d6 00 00 0f 00 00 00 00 86 04 04 11 00 00 00 ae | 0102: mov   p2,#$00
1430 0105 ff 80 da 0000 c6 d6 00 00 0f 00 00 00 00 86 04 04 11 00 00 00 ae | 0105: mov   r1,rb3r7
1431 0107 ff 80 da 0000 c6 d7 00 00 0f 00 00 00 00 86 04 04 11 00 00 00 ae | 0107: mov   a,@r1
1432 0108 ff 80 da 0000 c6 d7 00 00 0f 00 00 00 00 86 04 04 11 00 00 00 ae | 0108: mov   rb3r4,a
1433 010a ff 80 da 0000 c6 d7 00 00 0f 00 00 00 00 86 04 04 11 00 00 00 ae | 010A: cjne  a,#$FF,$0110
1434 010d ff 00 da 0000 c6 d7 00 00 0f 00 00 00 00 86 04 04 11 00 00 00 ae | 010D: ljmp  $0113
1435 0113 ff 00 da 0000 c6 d7 00 00 0f 00 00 00 00 86 04 04 11 00 00 00 ae | 0113: inc   r0
1436 0114 ff 00 da 0000 c7 d7 00 00 0f 00 00 00 00 86 04 04 11 00 00 00 ae | 0114: ljmp  $0158
1437 0158 ff 00 da 0000 c7 d7 00 00 0f 00 00 00 00 86 04 04 11 00 00 00 ae | 0158: inc   r0
1438 0159 ff 00 da 0000 c8 d7 00 00 0f 00 00 00 00 86 04 04 11 00 00 00 ae | 0159: inc   rb3r7
1439 015b ff 00 da 0000 c8 d7 00 00 0f 00 00 00 00 86 04 04 11 00 00 00 ae | 015B: inc   r4
1440 015c ff 00 da 0000 c8 d7 00 00 10 00 00 00 00 86 04 04 11 00 00 00 ae | 015C: cjne  r0,#$C8,$00FD
1441 015f ff 00 da 0000 c8 d7 00 00 10 00 00 00 00 86 04 04 11 00 00 00 ae | 015F: ret
1442 009f ff 00 d8 0000 c8 d7 00 00 10 00 00 00 00 86 04 04 11 00 00 00 ae | 009F: jnb   $20.3,$00A9
1443 00a9 ff 00 d8 0000 c8 d7 00 00 10 00 00 00 00 86 04 04 11 00 00 00 ae | 00A9: mov   a,rb3r3
1444 00ab 00 00 d8 0000 c8 d7 00 00 10 00 00 00 00 86 04 04 11 00 00 00 ae | 00AB: jnz   $0091
1445 00ad 00 00 d8 0000 c8 d7 00 00 10 00 00 00 00 86 04 04 11 00 00 00 ae | 00AD: mov   a,$2A
1446 00af 00 00 d8 0000 c8 d7 00 00 10 00 00 00 00 86 04 04 11 00 00 00 ae | 00AF: cjne  a,#$00,$00BA
1447 00b2 00 00 d8 0000 c8 d7 00 00 10 00 00 00 00 86 04 04 11 00 00 00 ae | 00B2: jnb   tr0,$008E
1448 008e 00 00 d8 0000 c8 d7 00 00 10 00 00 00 00 86 04 04 11 00 00 00 ae | 008E: jnb   $20.3,$0098
1449 0098 00 00 d8 0000 c8 d7 00 00 10 00 00 00 00 86 04 04 11 00 00 00 ae | 0098: mov   a,rb3r3
1450 009a 00 00 d8 0000 c8 d7 00 00 10 00 00 00 00 86 04 04 11 00 00 00 ae | 009A: jnz   $0091
1451 009c 00 00 d8 0000 c8 d7 00 00 10 00 00 00 00 86 04 04 11 00 00 00 ae | 009C: lcall $00F6
1452 00f6 00 00 da 0000 c8 d7 00 00 10 00 00 00 00 86 04 04 11 00 00 00 ae | 00F6: mov   r0,#$A8
1453 00f8 00 00 da 0000 a8 d7 00 00 10 00 00 00 00 86 04 04 11 00 00 00 ae | 00F8: mov   rb3r7,#$C8
1454 00fb 00 00 da 0000 a8 d7 00 00 10 00 00 00 00 86 04 04 11 00 00 00 ae | 00FB: mov   r4,#$00
1455 00fd 00 00 da 0000 a8 d7 00 00 00 00 00 00 00 86 04 04 11 00 00 00 ae | 00FD: mov   p2,#$00
1456 0100 00 00 da 0000 a8 d7 00 00 00 00 00 00 00 86 04 04 11 00 00 00 ae | 0100: mov   rb3r5,r0
1457 0102 00 00 da 0000 a8 d7 00 00 00 00 00 00 00 86 04 04 11 00 00 00 ae | 0102: mov   p2,#$00
1458 0105 00 00 da 0000 a8 d7 00 00 00 00 00 00 00 86 04 04 11 00 00 00 ae | 0105: mov   r1,rb3r7
1459 0107 00 00 da 0000 a8 c8 00 00 00 00 00 00 00 86 04 04 11 00 00 00 ae | 0107: mov   a,@r1
1460 0108 ff 00 da 0000 a8 c8 00 00 00 00 00 00 00 86 04 04 11 00 00 00 ae | 0108: mov   rb3r4,a
1461 010a ff 00 da 0000 a8 c8 00 00 00 00 00 00 00 86 04 04 11 00 00 00 ae | 010A: cjne  a,#$FF,$0110
1462 010d ff 00 da 0000 a8 c8 00 00 00 00 00 00 00 86 04 04 11 00 00 00 ae | 010D: ljmp  $0113
1463 0113 ff 00 da 0000 a8 c8 00 00 00 00 00 00 00 86 04 04 11 00 00 00 ae | 0113: inc   r0
1464 0114 ff 00 da 0000 a9 c8 00 00 00 00 00 00 00 86 04 04 11 00 00 00 ae | 0114: ljmp  $0158
1465 0158 ff 00 da 0000 a9 c8 00 00 00 00 00 00 00 86 04 04 11 00 00 00 ae | 0158: inc   r0
1466 0159 ff 00 da 0000 aa c8 00 00 00 00 00 00 00 86 04 04 11 00 00 00 ae | 0159: inc   rb3r7
1467 015b ff 00 da 0000 aa c8 00 00 00 00 00 00 00 86 04 04 11 00 00 00 ae | 015B: inc   r4
1468 015c ff 00 da 0000 aa c8 00 00 01 00 00 00 00 86 04 04 11 00 00 00 ae | 015C: cjne  r0,#$C8,$00FD
1469 00fd ff 80 da 0000 aa c8 00 00 01 00 00 00 00 86 04 04 11 00 00 00 ae | 00FD: mov   p2,#$00
1470 0100 ff 80 da 0000 aa c8 00 00 01 00 00 00 00 86 04 04 11 00 00 00 ae | 0100: mov   rb3r5,r0
1471 0102 ff 80 da 0000 aa c8 00 00 01 00 00 00 00 86 04 04 11 00 00 00 ae | 0102: mov   p2,#$00
1472 0105 ff 80 da 0000 aa c8 00 00 01 00 00 00 00 86 04 04 11 00 00 00 ae | 0105: mov   r1,rb3r7
1473 0107 ff 80 da 0000 aa c9 00 00 01 00 00 00 00 86 04 04 11 00 00 00 ae | 0107: mov   a,@r1
1474 0108 ff 80 da 0000 aa c9 00 00 01 00 00 00 00 86 04 04 11 00 00 00 ae | 0108: mov   rb3r4,a
1475 010a ff 80 da 0000 aa c9 00 00 01 00 00 00 00 86 04 04 11 00 00 00 ae | 010A: cjne  a,#$FF,$0110
1476 010d ff 00 da 0000 aa c9 00 00 01 00 00 00 00 86 04 04 11 00 00 00 ae | 010D: ljmp  $0113
1477 0113 ff 00 da 0000 aa c9 00 00 01 00 00 00 00 86 04 04 11 00 00 00 ae | 0113: inc   r0
1478 0114 ff 00 da 0000 ab c9 00 00 01 00 00 00 00 86 04 04 11 00 00 00 ae | 0114: ljmp  $0158
1479 0158 ff 00 da 0000 ab c9 00 00 01 00 00 00 00 86 04 04 11 00 00 00 ae | 0158: inc   r0
1480 0159 ff 00 da 0000 ac c9 00 00 01 00 00 00 00 86 04 04 11 00 00 00 ae | 0159: inc   rb3r7
1481 015b ff 00 da 0000 ac c9 00 00 01 00 00 00 00 86 04 04 11 00 00 00 ae | 015B: inc   r4
1482 015c ff 00 da 0000 ac c9 00 00 02 00 00 00 00 86 04 04 11 00 00 00 ae | 015C: cjne  r0,#$C8,$00FD
1483 00fd ff 80 da 0000 ac c9 00 00 02 00 00 00 00 86 04 04 11 00 00 00 ae | 00FD: mov   p2,#$00
1484 0100 ff 80 da 0000 ac c9 00 00 02 00 00 00 00 86 04 04 11 00 00 00 ae | 0100: mov   rb3r5,r0
1485 0102 ff 80 da 0000 ac c9 00 00 02 00 00 00 00 86 04 04 11 00 00 00 ae | 0102: mov   p2,#$00
1486 0105 ff 80 da 0000 ac c9 00 00 02 00 00 00 00 86 04 04 11 00 00 00 ae | 0105: mov   r1,rb3r7
1487 0107 ff 80 da 0000 ac ca 00 00 02 00 00 00 00 86 04 04 11 00 00 00 ae | 0107: mov   a,@r1
1488 0108 ff 80 da 0000 ac ca 00 00 02 00 00 00 00 86 04 04 11 00 00 00 ae | 0108: mov   rb3r4,a
1489 010a ff 80 da 0000 ac ca 00 00 02 00 00 00 00 86 04 04 11 00 00 00 ae | 010A: cjne  a,#$FF,$0110
1490 010d ff 00 da 0000 ac ca 00 00 02 00 00 00 00 86 04 04 11 00 00 00 ae | 010D: ljmp  $0113
1491 0113 ff 00 da 0000 ac ca 00 00 02 00 00 00 00 86 04 04 11 00 00 00 ae | 0113: inc   r0
1492 0114 ff 00 da 0000 ad ca 00 00 02 00 00 00 00 86 04 04 11 00 00 00 ae | 0114: ljmp  $0158
1493 0158 ff 00 da 0000 ad ca 00 00 02 00 00 00 00 86 04 04 11 00 00 00 ae | 0158: inc   r0
1494 0159 ff 00 da 0000 ae ca 00 00 02 00 00 00 00 86 04 04 11 00 00 00 ae | 0159: inc   rb3r7
1495 015b ff 00 da 0000 ae ca 00 00 02 00 00 00 00 86 04 04 11 00 00 00 ae | 015B: inc   r4
1496 015c ff 00 da 0000 ae ca 00 00 03 00 00 00 00 86 04 04 11 00 00 00 ae | 015C: cjne  r0,#$C8,$00FD
1497 00fd ff 80 da 0000 ae ca 00 00 03 00 00 00 00 86 04 04 11 00 00 00 ae | 00FD: mov   p2,#$00
1498 0100 ff 80 da 0000 ae ca 00 00 03 00 00 00 00 86 04 04 11 00 00 00 ae | 0100: mov   rb3r5,r0
1499 0102 ff 80 da 0000 ae ca 00 00 03 00 00 00 00 86 04 04 11 00 00 00 ae | 0102: mov   p2,#$00
1500 0105 ff 80 da 0000 ae ca 00 00 03 00 00 00 00 86 04 04 11 00 00 00 ae | 0105: mov   r1,rb3r7
1501 0107 ff 80 da 0000 ae cb 00 00 03 00 00 00 00 86 04 04 11 00 00 00 ae | 0107: mov   a,@r1
1502 0108 ff 80 da 0000 ae cb 00 00 03 00 00 00 00 86 04 04 11 00 00 00 ae | 0108: mov   rb3r4,a
1503 010a ff 80 da 0000 ae cb 00 00 03 00 00 00 00 86 04 04 11 00 00 00 ae | 010A: cjne  a,#$FF,$0110
1504 010d ff 00 da 0000 ae cb 00 00 03 00 00 00 00 86 04 04 11 00 00 00 ae | 010D: ljmp  $0113
1505 0113 ff 00 da 0000 ae cb 00 00 03 00 00 00 00 86 04 04 11 00 00 00 ae | 0113: inc   r0
1506 0114 ff 00 da 0000 af cb 00 00 03 00 00 00 00 86 04 04 11 00 00 00 ae | 0114: ljmp  $0158
1507 0158 ff 00 da 0000 af cb 00 00 03 00 00 00 00 86 04 04 11 00 00 00 ae | 0158: inc   r0
1508 0159 ff 00 da 0000 b0 cb 00 00 03 00 00 00 00 86 04 04 11 00 00 00 ae | 0159: inc   rb3r7
1509 015b ff 00 da 0000 b0 cb 00 00 03 00 00 00 00 86 04 04 11 00 00 00 ae | 015B: inc   r4
1510 015c ff 00 da 0000 b0 cb 00 00 04 00 00 00 00 86 04 04 11 00 00 00 ae | 015C: cjne  r0,#$C8,$00FD
1511 00fd ff 80 da 0000 b0 cb 00 00 04 00 00 00 00 86 04 04 11 00 00 00 ae | 00FD: mov   p2,#$00
1512 0100 ff 80 da 0000 b0 cb 00 00 04 00 00 00 00 86 04 04 11 00 00 00 ae | 0100: mov   rb3r5,r0
1513 0102 ff 80 da 0000 b0 cb 00 00 04 00 00 00 00 86 04 04 11 00 00 00 ae | 0102: mov   p2,#$00
1514 0105 ff 80 da 0000 b0 cb 00 00 04 00 00 00 00 86 04 04 11 00 00 00 ae | 0105: mov   r1,rb3r7
1515 0107 ff 80 da 0000 b0 cc 00 00 04 00 00 00 00 86 04 04 11 00 00 00 ae | 0107: mov   a,@r1
1516 0108 ff 80 da 0000 b0 cc 00 00 04 00 00 00 00 86 04 04 11 00 00 00 ae | 0108: mov   rb3r4,a
1517 010a ff 80 da 0000 b0 cc 00 00 04 00 00 00 00 86 04 04 11 00 00 00 ae | 010A: cjne  a,#$FF,$0110
1518 010d ff 00 da 0000 b0 cc 00 00 04 00 00 00 00 86 04 04 11 00 00 00 ae | 010D: ljmp  $0113
1519 0113 ff 00 da 0000 b0 cc 00 00 04 00 00 00 00 86 04 04 11 00 00 00 ae | 0113: inc   r0
1520 0114 ff 00 da 0000 b1 cc 00 00 04 00 00 00 00 86 04 04 11 00 00 00 ae | 0114: ljmp  $0158
1521 0158 ff 00 da 0000 b1 cc 00 00 04 00 00 00 00 86 04 04 11 00 00 00 ae | 0158: inc   r0
1522 0159 ff 00 da 0000 b2 cc 00 00 04 00 00 00 00 86 04 04 11 00 00 00 ae | 0159: inc   rb3r7
1523 015b ff 00 da 0000 b2 cc 00 00 04 00 00 00 00 86 04 04 11 00 00 00 ae | 015B: inc   r4
1524 015c ff 00 da 0000 b2 cc 00 00 05 00 00 00 00 86 04 04 11 00 00 00 ae | 015C: cjne  r0,#$C8,$00FD
1525 00fd ff 80 da 0000 b2 cc 00 00 05 00 00 00 00 86 04 04 11 00 00 00 ae | 00FD: mov   p2,#$00
1526 0100 ff 80 da 0000 b2 cc 00 00 05 00 00 00 00 86 04 04 11 00 00 00 ae | 0100: mov   rb3r5,r0
1527 0102 ff 80 da 0000 b2 cc 00 00 05 00 00 00 00 86 04 04 11 00 00 00 ae | 0102: mov   p2,#$00
1528 0105 ff 80 da 0000 b2 cc 00 00 05 00 00 00 00 86 04 04 11 00 00 00 ae | 0105: mov   r1,rb3r7
1529 0107 ff 80 da 0000 b2 cd 00 00 05 00 00 00 00 86 04 04 11 00 00 00 ae | 0107: mov   a,@r1
1530 0108 ff 80 da 0000 b2 cd 00 00 05 00 00 00 00 86 04 04 11 00 00 00 ae | 0108: mov   rb3r4,a
1531 010a ff 80 da 0000 b2 cd 00 00 05 00 00 00 00 86 04 04 11 00 00 00 ae | 010A: cjne  a,#$FF,$0110
1532 010d ff 00 da 0000 b2 cd 00 00 05 00 00 00 00 86 04 04 11 00 00 00 ae | 010D: ljmp  $0113
1533 0113 ff 00 da 0000 b2 cd 00 00 05 00 00 00 00 86 04 04 11 00 00 00 ae | 0113: inc   r0
1534 0114 ff 00 da 0000 b3 cd 00 00 05 00 00 00 00 86 04 04 11 00 00 00 ae | 0114: ljmp  $0158
1535 0158 ff 00 da 0000 b3 cd 00 00 05 00 00 00 00 86 04 04 11 00 00 00 ae | 0158: inc   r0
1536 0159 ff 00 da 0000 b4 cd 00 00 05 00 00 00 00 86 04 04 11 00 00 00 ae | 0159: inc   rb3r7
1537 015b ff 00 da 0000 b4 cd 00 00 05 00 00 00 00 86 04 04 11 00 00 00 ae | 015B: inc   r4
1538 015c ff 00 da 0000 b4 cd 00 00 06 00 00 00 00 86 04 04 11 00 00 00 ae | 015C: cjne  r0,#$C8,$00FD
1539 00fd ff 80 da 0000 b4 cd 00 00 06 00 00 00 00 86 04 04 11 00 00 00 ae | 00FD: mov   p2,#$00
1540 0100 ff 80 da 0000 b4 cd 00 00 06 00 00 00 00 86 04 04 11 00 00 00 ae | 0100: mov   rb3r5,r0
1541 0102 ff 80 da 0000 b4 cd 00 00 06 00 00 00 00 86 04 04 11 00 00 00 ae | 0102: mov   p2,#$00
1542 0105 ff 80 da 0000 b4 cd 00 00 06 00 00 00 00 86 04 04 11 00 00 00 ae | 0105: mov   r1,rb3r7
1543 0107 ff 80 da 0000 b4 ce 00 00 06 00 00 00 00 86 04 04 11 00 00 00 ae | 0107: mov   a,@r1
1544 0108 ff 80 da 0000 b4 ce 00 00 06 00 00 00 00 86 04 04 11 00 00 00 ae | 0108: mov   rb3r4,a
1545 010a ff 80 da 0000 b4 ce 00 00 06 00 00 00 00 86 04 04 11 00 00 00 ae | 010A: cjne  a,#$FF,$0110
1546 010d ff 00 da 0000 b4 ce 00 00 06 00 00 00 00 86 04 04 11 00 00 00 ae | 010D: ljmp  $0113
1547 0113 ff 00 da 0000 b4 ce 00 00 06 00 00 00 00 86 04 04 11 00 00 00 ae | 0113: inc   r0
1548 0114 ff 00 da 0000 b5 ce 00 00 06 00 00 00 00 86 04 04 11 00 00 00 ae | 0114: ljmp  $0158
1549 0158 ff 00 da 0000 b5 ce 00 00 06 00 00 00 00 86 04 04 11 00 00 00 ae | 0158: inc   r0
1550 0159 ff 00 da 0000 b6 ce 00 00 06 00 00 00 00 86 04 04 11 00 00 00 ae | 0159: inc   rb3r7
1551 015b ff 00 da 0000 b6 ce 00 00 06 00 00 00 00 86 04 04 11 00 00 00 ae | 015B: inc   r4
1552 015c ff 00 da 0000 b6 ce 00 00 07 00 00 00 00 86 04 04 11 00 00 00 ae | 015C: cjne  r0,#$C8,$00FD
1553 00fd ff 80 da 0000 b6 ce 00 00 07 00 00 00 00 86 04 04 11 00 00 00 ae | 00FD: mov   p2,#$00
1554 0100 ff 80 da 0000 b6 ce 00 00 07 00 00 00 00 86 04 04 11 00 00 00 ae | 0100: mov   rb3r5,r0
1555 0102 ff 80 da 0000 b6 ce 00 00 07 00 00 00 00 86 04 04 11 00 00 00 ae | 0102: mov   p2,#$00
1556 0105 ff 80 da 0000 b6 ce 00 00 07 00 00 00 00 86 04 04 11 00 00 00 ae | 0105: mov   r1,rb3r7
1557 0107 ff 80 da 0000 b6 cf 00 00 07 00 00 00 00 86 04 04 11 00 00 00 ae | 0107: mov   a,@r1
1558 0108 ff 80 da 0000 b6 cf 00 00 07 00 00 00 00 86 04 04 11 00 00 00 ae | 0108: mov   rb3r4,a
1559 010a ff 80 da 0000 b6 cf 00 00 07 00 00 00 00 86 04 04 11 00 00 00 ae | 010A: cjne  a,#$FF,$0110
1560 010d ff 00 da 0000 b6 cf 00 00 07 00 00 00 00 86 04 04 11 00 00 00 ae | 010D: ljmp  $0113
1561 0113 ff 00 da 0000 b6 cf 00 00 07 00 00 00 00 86 04 04 11 00 00 00 ae | 0113: inc   r0
1562 0114 ff 00 da 0000 b7 cf 00 00 07 00 00 00 00 86 04 04 11 00 00 00 ae | 0114: ljmp  $0158
1563 0158 ff 00 da 0000 b7 cf 00 00 07 00 00 00 00 86 04 04 11 00 00 00 ae | 0158: inc   r0
1564 0159 ff 00 da 0000 b8 cf 00 00 07 00 00 00 00 86 04 04 11 00 00 00 ae | 0159: inc   rb3r7
1565 015b ff 00 da 0000 b8 cf 00 00 07 00 00 00 00 86 04 04 11 00 00 00 ae | 015B: inc   r4
1566 015c ff 00 da 0000 b8 cf 00 00 08 00 00 00 00 86 04 04 11 00 00 00 ae | 015C: cjne  r0,#$C8,$00FD
1567 00fd ff 80 da 0000 b8 cf 00 00 08 00 00 00 00 86 04 04 11 00 00 00 ae | 00FD: mov   p2,#$00
1568 0100 ff 80 da 0000 b8 cf 00 00 08 00 00 00 00 86 04 04 11 00 00 00 ae | 0100: mov   rb3r5,r0
1569 0102 ff 80 da 0000 b8 cf 00 00 08 00 00 00 00 86 04 04 11 00 00 00 ae | 0102: mov   p2,#$00
1570 0105 ff 80 da 0000 b8 cf 00 00 08 00 00 00 00 86 04 04 11 00 00 00 ae | 0105: mov   r1,rb3r7
1571 0107 ff 80 da 0000 b8 d0 00 00 08 00 00 00 00 86 04 04 11 00 00 00 ae | 0107: mov   a,@r1
1572 0108 ff 80 da 0000 b8 d0 00 00 08 00 00 00 00 86 04 04 11 00 00 00 ae | 0108: mov   rb3r4,a
1573 010a ff 80 da 0000 b8 d0 00 00 08 00 00 00 00 86 04 04 11 00 00 00 ae | 010A: cjne  a,#$FF,$0110
1574 010d ff 00 da 0000 b8 d0 00 00 08 00 00 00 00 86 04 04 11 00 00 00 ae | 010D: ljmp  $0113
1575 0113 ff 00 da 0000 b8 d0 00 00 08 00 00 00 00 86 04 04 11 00 00 00 ae | 0113: inc   r0
1576 0114 ff 00 da 0000 b9 d0 00 00 08 00 00 00 00 86 04 04 11 00 00 00 ae | 0114: ljmp  $0158
1577 0158 ff 00 da 0000 b9 d0 00 00 08 00 00 00 00 86 04 04 11 00 00 00 ae | 0158: inc   r0
1578 0159 ff 00 da 0000 ba d0 00 00 08 00 00 00 00 86 04 04 11 00 00 00 ae | 0159: inc   rb3r7
1579 015b ff 00 da 0000 ba d0 00 00 08 00 00 00 00 86 04 04 11 00 00 00 ae | 015B: inc   r4
1580 015c ff 00 da 0000 ba d0 00 00 09 00 00 00 00 86 04 04 11 00 00 00 ae | 015C: cjne  r0,#$C8,$00FD
1581 00fd ff 80 da 0000 ba d0 00 00 09 00 00 00 00 86 04 04 11 00 00 00 ae | 00FD: mov   p2,#$00
1582 0100 ff 80 da 0000 ba d0 00 00 09 00 00 00 00 86 04 04 11 00 00 00 ae | 0100: mov   rb3r5,r0
1583 0102 ff 80 da 0000 ba d0 00 00 09 00 00 00 00 86 04 04 11 00 00 00 ae | 0102: mov   p2,#$00
1584 0105 ff 80 da 0000 ba d0 00 00 09 00 00 00 00 86 04 04 11 00 00 00 ae | 0105: mov   r1,rb3r7
1585 0107 ff 80 da 0000 ba d1 00 00 09 00 00 00 00 86 04 04 11 00 00 00 ae | 0107: mov   a,@r1
1586 0108 ff 80 da 0000 ba d1 00 00 09 00 00 00 00 86 04 04 11 00 00 00 ae | 0108: mov   rb3r4,a
1587 010a ff 80 da 0000 ba d1 00 00 09 00 00 00 00 86 04 04 11 00 00 00 ae | 010A: cjne  a,#$FF,$0110
1588 010d ff 00 da 0000 ba d1 00 00 09 00 00 00 00 86 04 04 11 00 00 00 ae | 010D: ljmp  $0113
1589 0113 ff 00 da 0000 ba d1 00 00 09 00 00 00 00 86 04 04 11 00 00 00 ae | 0113: inc   r0
1590 0114 ff 00 da 0000 bb d1 00 00 09 00 00 00 00 86 04 04 11 00 00 00 ae | 0114: ljmp  $0158
1591 0158 ff 00 da 0000 bb d1 00 00 09 00 00 00 00 86 04 04 11 00 00 00 ae | 0158: inc   r0
1592 0159 ff 00 da 0000 bc d1 00 00 09 00 00 00 00 86 04 04 11 00 00 00 ae | 0159: inc   rb3r7
1593 015b ff 00 da 0000 bc d1 00 00 09 00 00 00 00 86 04 04 11 00 00 00 ae | 015B: inc   r4
1594 015c ff 00 da 0000 bc d1 00 00 0a 00 00 00 00 86 04 04 11 00 00 00 ae | 015C: cjne  r0,#$C8,$00FD
1595 00fd ff 80 da 0000 bc d1 00 00 0a 00 00 00 00 86 04 04 11 00 00 00 ae | 00FD: mov   p2,#$00
1596 0100 ff 80 da 0000 bc d1 00 00 0a 00 00 00 00 86 04 04 11 00 00 00 ae | 0100: mov   rb3r5,r0
1597 0102 ff 80 da 0000 bc d1 00 00 0a 00 00 00 00 86 04 04 11 00 00 00 ae | 0102: mov   p2,#$00
1598 0105 ff 80 da 0000 bc d1 00 00 0a 00 00 00 00 86 04 04 11 00 00 00 ae | 0105: mov   r1,rb3r7
1599 0107 ff 80 da 0000 bc d2 00 00 0a 00 00 00 00 86 04 04 11 00 00 00 ae | 0107: mov   a,@r1
1600 0108 ff 80 da 0000 bc d2 00 00 0a 00 00 00 00 86 04 04 11 00 00 00 ae | 0108: mov   rb3r4,a
1601 010a ff 80 da 0000 bc d2 00 00 0a 00 00 00 00 86 04 04 11 00 00 00 ae | 010A: cjne  a,#$FF,$0110
1602 010d ff 00 da 0000 bc d2 00 00 0a 00 00 00 00 86 04 04 11 00 00 00 ae | 010D: ljmp  $0113
1603 0113 ff 00 da 0000 bc d2 00 00 0a 00 00 00 00 86 04 04 11 00 00 00 ae | 0113: inc   r0
1604 0114 ff 00 da 0000 bd d2 00 00 0a 00 00 00 00 86 04 04 11 00 00 00 ae | 0114: ljmp  $0158
1605 0158 ff 00 da 0000 bd d2 00 00 0a 00 00 00 00 86 04 04 11 00 00 00 ae | 0158: inc   r0
1606 0159 ff 00 da 0000 be d2 00 00 0a 00 00 00 00 86 04 04 11 00 00 00 ae | 0159: inc   rb3r7
1607 015b ff 00 da 0000 be d2 00 00 0a 00 00 00 00 86 04 04 11 00 00 00 ae | 015B: inc   r4
1608 015c ff 00 da 0000 be d2 00 00 0b 00 00 00 00 86 04 04 11 00 00 00 ae | 015C: cjne  r0,#$C8,$00FD
1609 00fd ff 80 da 0000 be d2 00 00 0b 00 00 00 00 86 04 04 11 00 00 00 ae | 00FD: mov   p2,#$00
1610 0100 ff 80 da 0000 be d2 00 00 0b 00 00 00 00 86 04 04 11 00 00 00 ae | 0100: mov   rb3r5,r0
1611 0102 ff 80 da 0000 be d2 00 00 0b 00 00 00 00 86 04 04 11 00 00 00 ae | 0102: mov   p2,#$00
1612 0105 ff 80 da 0000 be d2 00 00 0b 00 00 00 00 86 04 04 11 00 00 00 ae | 0105: mov   r1,rb3r7
1613 0107 ff 80 da 0000 be d3 00 00 0b 00 00 00 00 86 04 04 11 00 00 00 ae | 0107: mov   a,@r1
1614 0108 ff 80 da 0000 be d3 00 00 0b 00 00 00 00 86 04 04 11 00 00 00 ae | 0108: mov   rb3r4,a
1615 010a ff 80 da 0000 be d3 00 00 0b 00 00 00 00 86 04 04 11 00 00 00 ae | 010A: cjne  a,#$FF,$0110
1616 010d ff 00 da 0000 be d3 00 00 0b 00 00 00 00 86 04 04 11 00 00 00 ae | 010D: ljmp  $0113
1617 0113 ff 00 da 0000 be d3 00 00 0b 00 00 00 00 86 04 04 11 00 00 00 ae | 0113: inc   r0
1618 0114 ff 00 da 0000 bf d3 00 00 0b 00 00 00 00 86 04 04 11 00 00 00 ae | 0114: ljmp  $0158
1619 0158 ff 00 da 0000 bf d3 00 00 0b 00 00 00 00 86 04 04 11 00 00 00 ae | 0158: inc   r0
1620 0159 ff 00 da 0000 c0 d3 00 00 0b 00 00 00 00 86 04 04 11 00 00 00 ae | 0159: inc   rb3r7
1621 015b ff 00 da 0000 c0 d3 00 00 0b 00 00 00 00 86 04 04 11 00 00 00 ae | 015B: inc   r4
1622 015c ff 00 da 0000 c0 d3 00 00 0c 00 00 00 00 86 04 04 11 00 00 00 ae | 015C: cjne  r0,#$C8,$00FD
1623 00fd ff 80 da 0000 c0 d3 00 00 0c 00 00 00 00 86 04 04 11 00 00 00 ae | 00FD: mov   p2,#$00
1624 0100 ff 80 da 0000 c0 d3 00 00 0c 00 00 00 00 86 04 04 11 00 00 00 ae | 0100: mov   rb3r5,r0
1625 0102 ff 80 da 0000 c0 d3 00 00 0c 00 00 00 00 86 04 04 11 00 00 00 ae | 0102: mov   p2,#$00
1626 0105 ff 80 da 0000 c0 d3 00 00 0c 00 00 00 00 86 04 04 11 00 00 00 ae | 0105: mov   r1,rb3r7
1627 0107 ff 80 da 0000 c0 d4 00 00 0c 00 00 00 00 86 04 04 11 00 00 00 ae | 0107: mov   a,@r1
1628 0108 ff 80 da 0000 c0 d4 00 00 0c 00 00 00 00 86 04 04 11 00 00 00 ae | 0108: mov   rb3r4,a
1629 010a ff 80 da 0000 c0 d4 00 00 0c 00 00 00 00 86 04 04 11 00 00 00 ae | 010A: cjne  a,#$FF,$0110
1630 010d ff 00 da 0000 c0 d4 00 00 0c 00 00 00 00 86 04 04 11 00 00 00 ae | 010D: ljmp  $0113
1631 0113 ff 00 da 0000 c0 d4 00 00 0c 00 00 00 00 86 04 04 11 00 00 00 ae | 0113: inc   r0
1632 0114 ff 00 da 0000 c1 d4 00 00 0c 00 00 00 00 86 04 04 11 00 00 00 ae | 0114: ljmp  $0158
1633 0158 ff 00 da 0000 c1 d4 00 00 0c 00 00 00 00 86 04 04 11 00 00 00 ae | 0158: inc   r0
1634 0159 ff 00 da 0000 c2 d4 00 00 0c 00 00 00 00 86 04 04 11 00 00 00 ae | 0159: inc   rb3r7
1635 015b ff 00 da 0000 c2 d4 00 00 0c 00 00 00 00 86 04 04 11 00 00 00 ae | 015B: inc   r4
1636 015c ff 00 da 0000 c2 d4 00 00 0d 00 00 00 00 86 04 04 11 00 00 00 ae | 015C: cjne  r0,#$C8,$00FD
1637 00fd ff 80 da 0000 c2 d4 00 00 0d 00 00 00 00 86 04 04 11 00 00 00 ae | 00FD: mov   p2,#$00
1638 0100 ff 80 da 0000 c2 d4 00 00 0d 00 00 00 00 86 04 04 11 00 00 00 ae | 0100: mov   rb3r5,r0
1639 0102 ff 80 da 0000 c2 d4 00 00 0d 00 00 00 00 86 04 04 11 00 00 00 ae | 0102: mov   p2,#$00
1640 0105 ff 80 da 0000 c2 d4 00 00 0d 00 00 00 00 86 04 04 11 00 00 00 ae | 0105: mov   r1,rb3r7
1641 0107 ff 80 da 0000 c2 d5 00 00 0d 00 00 00 00 86 04 04 11 00 00 00 ae | 0107: mov   a,@r1
1642 0108 ff 80 da 0000 c2 d5 00 00 0d 00 00 00 00 86 04 04 11 00 00 00 ae | 0108: mov   rb3r4,a
1643 010a ff 80 da 0000 c2 d5 00 00 0d 00 00 00 00 86 04 04 11 00 00 00 ae | 010A: cjne  a,#$FF,$0110
1644 010d ff 00 da 0000 c2 d5 00 00 0d 00 00 00 00 86 04 04 11 00 00 00 ae | 010D: ljmp  $0113
1645 0113 ff 00 da 0000 c2 d5 00 00 0d 00 00 00 00 86 04 04 11 00 00 00 ae | 0113: inc   r0
1646 0114 ff 00 da 0000 c3 d5 00 00 0d 00 00 00 00 86 04 04 11 00 00 00 ae | 0114: ljmp  $0158
1647 0158 ff 00 da 0000 c3 d5 00 00 0d 00 00 00 00 86 04 04 11 00 00 00 ae | 0158: inc   r0
1648 0159 ff 00 da 0000 c4 d5 00 00 0d 00 00 00 00 86 04 04 11 00 00 00 ae | 0159: inc   rb3r7
1649 015b ff 00 da 0000 c4 d5 00 00 0d 00 00 00 00 86 04 04 11 00 00 00 ae | 015B: inc   r4
1650 015c ff 00 da 0000 c4 d5 00 00 0e 00 00 00 00 86 04 04 11 00 00 00 ae | 015C: cjne  r0,#$C8,$00FD
1651 00fd ff 80 da 0000 c4 d5 00 00 0e 00 00 00 00 86 04 04 11 00 00 00 ae | 00FD: mov   p2,#$00
1652 0100 ff 80 da 0000 c4 d5 00 00 0e 00 00 00 00 86 04 04 11 00 00 00 ae | 0100: mov   rb3r5,r0
1653 0102 ff 80 da 0000 c4 d5 00 00 0e 00 00 00 00 86 04 04 11 00 00 00 ae | 0102: mov   p2,#$00
1654 0105 ff 80 da 0000 c4 d5 00 00 0e 00 00 00 00 86 04 04 11 00 00 00 ae | 0105: mov   r1,rb3r7
1655 0107 ff 80 da 0000 c4 d6 00 00 0e 00 00 00 00 86 04 04 11 00 00 00 ae | 0107: mov   a,@r1
1656 0108 ff 80 da 0000 c4 d6 00 00 0e 00 00 00 00 86 04 04 11 00 00 00 ae | 0108: mov   rb3r4,a
1657 010a ff 80 da 0000 c4 d6 00 00 0e 00 00 00 00 86 04 04 11 00 00 00 ae | 010A: cjne  a,#$FF,$0110
1658 010d ff 00 da 0000 c4 d6 00 00 0e 00 00 00 00 86 04 04 11 00 00 00 ae | 010D: ljmp  $0113
1659 0113 ff 00 da 0000 c4 d6 00 00 0e 00 00 00 00 86 04 04 11 00 00 00 ae | 0113: inc   r0
1660 0114 ff 00 da 0000 c5 d6 00 00 0e 00 00 00 00 86 04 04 11 00 00 00 ae | 0114: ljmp  $0158
1661 0158 ff 00 da 0000 c5 d6 00 00 0e 00 00 00 00 86 04 04 11 00 00 00 ae | 0158: inc   r0
1662 0159 ff 00 da 0000 c6 d6 00 00 0e 00 00 00 00 86 04 04 11 00 00 00 ae | 0159: inc   rb3r7
1663 015b ff 00 da 0000 c6 d6 00 00 0e 00 00 00 00 86 04 04 11 00 00 00 ae | 015B: inc   r4
1664 015c ff 00 da 0000 c6 d6 00 00 0f 00 00 00 00 86 04 04 11 00 00 00 ae | 015C: cjne  r0,#$C8,$00FD
1665 00fd ff 80 da 0000 c6 d6 00 00 0f 00 00 00 00 86 04 04 11 00 00 00 ae | 00FD: mov   p2,#$00
1666 0100 ff 80 da 0000 c6 d6 00 00 0f 00 00 00 00 86 04 04 11 00 00 00 ae | 0100: mov   rb3r5,r0
1667 0102 ff 80 da 0000 c6 d6 00 00 0f 00 00 00 00 86 04 04 11 00 00 00 ae | 0102: mov   p2,#$00
1668 0105 ff 80 da 0000 c6 d6 00 00 0f 00 00 00 00 86 04 04 11 00 00 00 ae | 0105: mov   r1,rb3r7
1669 0107 ff 80 da 0000 c6 d7 00 00 0f 00 00 00 00 86 04 04 11 00 00 00 ae | 0107: mov   a,@r1
1670 0108 ff 80 da 0000 c6 d7 00 00 0f 00 00 00 00 86 04 04 11 00 00 00 ae | 0108: mov   rb3r4,a
1671 010a ff 80 da 0000 c6 d7 00 00 0f 00 00 00 00 86 04 04 11 00 00 00 ae | 010A: cjne  a,#$FF,$0110
1672 010d ff 00 da 0000 c6 d7 00 00 0f 00 00 00 00 86 04 04 11 00 00 00 ae | 010D: ljmp  $0113
1673 0113 ff 00 da 0000 c6 d7 00 00 0f 00 00 00 00 86 04 04 11 00 00 00 ae | 0113: inc   r0
1674 0114 ff 00 da 0000 c7 d7 00 00 0f 00 00 00 00 86 04 04 11 00 00 00 ae | 0114: ljmp  $0158
1675 0158 ff 00 da 0000 c7 d7 00 00 0f 00 00 00 00 86 04 04 11 00 00 00 ae | 0158: inc   r0
1676 0159 ff 00 da 0000 c8 d7 00 00 0f 00 00 00 00 86 04 04 11 00 00 00 ae | 0159: inc   rb3r7
1677 015b ff 00 da 0000 c8 d7 00 00 0f 00 00 00 00 86 04 04 11 00 00 00 ae | 015B: inc   r4
1678 015c ff 00 da 0000 c8 d7 00 00 10 00 00 00 00 86 04 04 11 00 00 00 ae | 015C: cjne  r0,#$C8,$00FD
1679 015f ff 00 da 0000 c8 d7 00 00 10 00 00 00 00 86 04 04 11 00 00 00 ae | 015F: ret
1680 009f ff 00 d8 0000 c8 d7 00 00 10 00 00 00 00 86 04 04 11 00 00 00 ae | 009F: jnb   $20.3,$00A9
1681 00a9 ff 00 d8 0000 c8 d7 00 00 10 00 00 00 00 86 04 04 11 00 00 00 ae | 00A9: mov   a,rb3r3
1682 00ab 00 00 d8 0000 c8 d7 00 00 10 00 00 00 00 86 04 04 11 00 00 00 ae | 00AB: jnz   $0091
1683 00ad 00 00 d8 0000 c8 d7 00 00 10 00 00 00 00 86 04 04 11 00 00 00 ae | 00AD: mov   a,$2A
1684 00af 00 00 d8 0000 c8 d7 00 00 10 00 00 00 00 86 04 04 11 00 00 00 ae | 00AF: cjne  a,#$00,$00BA
1685 00b2 00 00 d8 0000 c8 d7 00 00 10 00 00 00 00 86 04 04 11 00 00 00 ae | 00B2: jnb   tr0,$008E
1686 008e 00 00 d8 0000 c8 d7 00 00 10 00 00 00 00 86 04 04 11 00 00 00 ae | 008E: jnb   $20.3,$0098
1687 0098 00 00 d8 0000 c8 d7 00 00 10 00 00 00 00 86 04 04 11 00 00 00 ae | 0098: mov   a,rb3r3
1688 009a 00 00 d8 0000 c8 d7 00 00 10 00 00 00 00 86 04 04 11 00 00 00 ae | 009A: jnz   $0091
1689 009c 00 00 d8 0000 c8 d7 00 00 10 00 00 00 00 86 04 04 11 00 00 00 ae | 009C: lcall $00F6
1690 00f6 00 00 da 0000 c8 d7 00 00 10 00 00 00 00 86 04 04 11 00 00 00 ae | 00F6: mov   r0,#$A8
1691 00f8 00 00 da 0000 a8 d7 00 00 10 00 00 00 00 86 04 04 11 00 00 00 ae | 00F8: mov   rb3r7,#$C8
1692 00fb 00 00 da 0000 a8 d7 00 00 10 00 00 00 00 86 04 04 11 00 00 00 ae | 00FB: mov   r4,#$00
1693 00fd 00 00 da 0000 a8 d7 00 00 00 00 00 00 00 86 04 04 11 00 00 00 ae | 00FD: mov   p2,#$00
1694 0100 00 00 da 0000 a8 d7 00 00 00 00 00 00 00 86 04 04 11 00 00 00 ae | 0100: mov   rb3r5,r0
1695 0102 00 00 da 0000 a8 d7 00 00 00 00 00 00 00 86 04 04 11 00 00 00 ae | 0102: mov   p2,#$00
1696 0105 00 00 da 0000 a8 d7 00 00 00 00 00 00 00 86 04 04 11 00 00 00 ae | 0105: mov   r1,rb3r7
1697 0107 00 00 da 0000 a8 c8 00 00 00 00 00 00 00 86 04 04 11 00 00 00 ae | 0107: mov   a,@r1
1698 0108 ff 00 da 0000 a8 c8 00 00 00 00 00 00 00 86 04 04 11 00 00 00 ae | 0108: mov   rb3r4,a
1699 010a ff 00 da 0000 a8 c8 00 00 00 00 00 00 00 86 04 04 11 00 00 00 ae | 010A: cjne  a,#$FF,$0110
1700 010d ff 00 da 0000 a8 c8 00 00 00 00 00 00 00 86 04 04 11 00 00 00 ae | 010D: ljmp  $0113
1701 0113 ff 00 da 0000 a8 c8 00 00 00 00 00 00 00 86 04 04 11 00 00 00 ae | 0113: inc   r0
1702 0114 ff 00 da 0000 a9 c8 00 00 00 00 00 00 00 86 04 04 11 00 00 00 ae | 0114: ljmp  $0158
1703 0158 ff 00 da 0000 a9 c8 00 00 00 00 00 00 00 86 04 04 11 00 00 00 ae | 0158: inc   r0
1704 0159 ff 00 da 0000 aa c8 00 00 00 00 00 00 00 86 04 04 11 00 00 00 ae | 0159: inc   rb3r7
1705 015b ff 00 da 0000 aa c8 00 00 00 00 00 00 00 86 04 04 11 00 00 00 ae | 015B: inc   r4
1706 015c ff 00 da 0000 aa c8 00 00 01 00 00 00 00 86 04 04 11 00 00 00 ae | 015C: cjne  r0,#$C8,$00FD
1707 00fd ff 80 da 0000 aa c8 00 00 01 00 00 00 00 86 04 04 11 00 00 00 ae | 00FD: mov   p2,#$00
1708 0100 ff 80 da 0000 aa c8 00 00 01 00 00 00 00 86 04 04 11 00 00 00 ae | 0100: mov   rb3r5,r0
1709 0102 ff 80 da 0000 aa c8 00 00 01 00 00 00 00 86 04 04 11 00 00 00 ae | 0102: mov   p2,#$00
1710 0105 ff 80 da 0000 aa c8 00 00 01 00 00 00 00 86 04 04 11 00 00 00 ae | 0105: mov   r1,rb3r7
1711 0107 ff 80 da 0000 aa c9 00 00 01 00 00 00 00 86 04 04 11 00 00 00 ae | 0107: mov   a,@r1
1712 0108 ff 80 da 0000 aa c9 00 00 01 00 00 00 00 86 04 04 11 00 00 00 ae | 0108: mov   rb3r4,a
1713 010a ff 80 da 0000 aa c9 00 00 01 00 00 00 00 86 04 04 11 00 00 00 ae | 010A: cjne  a,#$FF,$0110
1714 010d ff 00 da 0000 aa c9 00 00 01 00 00 00 00 86 04 04 11 00 00 00 ae | 010D: ljmp  $0113
1715 0113 ff 00 da 0000 aa c9 00 00 01 00 00 00 00 86 04 04 11 00 00 00 ae | 0113: inc   r0
1716 0114 ff 00 da 0000 ab c9 00 00 01 00 00 00 00 86 04 04 11 00 00 00 ae | 0114: ljmp  $0158
1717 0158 ff 00 da 0000 ab c9 00 00 01 00 00 00 00 86 04 04 11 00 00 00 ae | 0158: inc   r0
1718 0159 ff 00 da 0000 ac c9 00 00 01 00 00 00 00 86 04 04 11 00 00 00 ae | 0159: inc   rb3r7
1719 015b ff 00 da 0000 ac c9 00 00 01 00 00 00 00 86 04 04 11 00 00 00 ae | 015B: inc   r4
1720 015c ff 00 da 0000 ac c9 00 00 02 00 00 00 00 86 04 04 11 00 00 00 ae | 015C: cjne  r0,#$C8,$00FD
1721 00fd ff 80 da 0000 ac c9 00 00 02 00 00 00 00 86 04 04 11 00 00 00 ae | 00FD: mov   p2,#$00
1722 0100 ff 80 da 0000 ac c9 00 00 02 00 00 00 00 86 04 04 11 00 00 00 ae | 0100: mov   rb3r5,r0
1723 0102 ff 80 da 0000 ac c9 00 00 02 00 00 00 00 86 04 04 11 00 00 00 ae | 0102: mov   p2,#$00
1724 0105 ff 80 da 0000 ac c9 00 00 02 00 00 00 00 86 04 04 11 00 00 00 ae | 0105: mov   r1,rb3r7
1725 0107 ff 80 da 0000 ac ca 00 00 02 00 00 00 00 86 04 04 11 00 00 00 ae | 0107: mov   a,@r1
1726 0108 ff 80 da 0000 ac ca 00 00 02 00 00 00 00 86 04 04 11 00 00 00 ae | 0108: mov   rb3r4,a
1727 010a ff 80 da 0000 ac ca 00 00 02 00 00 00 00 86 04 04 11 00 00 00 ae | 010A: cjne  a,#$FF,$0110
1728 010d ff 00 da 0000 ac ca 00 00 02 00 00 00 00 86 04 04 11 00 00 00 ae | 010D: ljmp  $0113
1729 0113 ff 00 da 0000 ac ca 00 00 02 00 00 00 00 86 04 04 11 00 00 00 ae | 0113: inc   r0
1730 0114 ff 00 da 0000 ad ca 00 00 02 00 00 00 00 86 04 04 11 00 00 00 ae | 0114: ljmp  $0158
1731 0158 ff 00 da 0000 ad ca 00 00 02 00 00 00 00 86 04 04 11 00 00 00 ae | 0158: inc   r0
1732 0159 ff 00 da 0000 ae ca 00 00 02 00 00 00 00 86 04 04 11 00 00 00 ae | 0159: inc   rb3r7
1733 015b ff 00 da 0000 ae ca 00 00 02 00 00 00 00 86 04 04 11 00 00 00 ae | 015B: inc   r4
1734 015c ff 00 da 0000 ae ca 00 00 03 00 00 00 00 86 04 04 11 00 00 00 ae | 015C: cjne  r0,#$C8,$00FD
1735 00fd ff 80 da 0000 ae ca 00 00 03 00 00 00 00 86 04 04 11 00 00 00 ae | 00FD: mov   p2,#$00
1736 0100 ff 80 da 0000 ae ca 00 00 03 00 00 00 00 86 04 04 11 00 00 00 ae | 0100: mov   rb3r5,r0
1737 0102 ff 80 da 0000 ae ca 00 00 03 00 00 00 00 86 04 04 11 00 00 00 ae | 0102: mov   p2,#$00
1738 0105 ff 80 da 0000 ae ca 00 00 03 00 00 00 00 86 04 04 11 00 00 00 ae | 0105: mov   r1,rb3r7
1739 0107 ff 80 da 0000 ae cb 00 00 03 00 00 00 00 86 04 04 11 00 00 00 ae | 0107: mov   a,@r1
1740 0108 ff 80 da 0000 ae cb 00 00 03 00 00 00 00 86 04 04 11 00 00 00 ae | 0108: mov   rb3r4,a
1741 010a ff 80 da 0000 ae cb 00 00 03 00 00 00 00 86 04 04 11 00 00 00 ae | 010A: cjne  a,#$FF,$0110
1742 010d ff 00 da 0000 ae cb 00 00 03 00 00 00 00 86 04 04 11 00 00 00 ae | 010D: ljmp  $0113
1743 0113 ff 00 da 0000 ae cb 00 00 03 00 00 00 00 86 04 04 11 00 00 00 ae | 0113: inc   r0
1744 0114 ff 00 da 0000 af cb 00 00 03 00 00 00 00 86 04 04 11 00 00 00 ae | 0114: ljmp  $0158
1745 0158 ff 00 da 0000 af cb 00 00 03 00 00 00 00 86 04 04 11 00 00 00 ae | 0158: inc   r0
1746 0159 ff 00 da 0000 b0 cb 00 00 03 00 00 00 00 86 04 04 11 00 00 00 ae | 0159: inc   rb3r7
1747 015b ff 00 da 0000 b0 cb 00 00 03 00 00 00 00 86 04 04 11 00 00 00 ae | 015B: inc   r4
1748 015c ff 00 da 0000 b0 cb 00 00 04 00 00 00 00 86 04 04 11 00 00 00 ae | 015C: cjne  r0,#$C8,$00FD
1749 00fd ff 80 da 0000 b0 cb 00 00 04 00 00 00 00 86 04 04 11 00 00 00 ae | 00FD: mov   p2,#$00
1750 0100 ff 80 da 0000 b0 cb 00 00 04 00 00 00 00 86 04 04 11 00 00 00 ae | 0100: mov   rb3r5,r0
1751 0102 ff 80 da 0000 b0 cb 00 00 04 00 00 00 00 86 04 04 11 00 00 00 ae | 0102: mov   p2,#$00
1752 0105 ff 80 da 0000 b0 cb 00 00 04 00 00 00 00 86 04 04 11 00 00 00 ae | 0105: mov   r1,rb3r7
1753 0107 ff 80 da 0000 b0 cc 00 00 04 00 00 00 00 86 04 04 11 00 00 00 ae | 0107: mov   a,@r1
1754 0108 ff 80 da 0000 b0 cc 00 00 04 00 00 00 00 86 04 04 11 00 00 00 ae | 0108: mov   rb3r4,a
1755 010a ff 80 da 0000 b0 cc 00 00 04 00 00 00 00 86 04 04 11 00 00 00 ae | 010A: cjne  a,#$FF,$0110
1756 010d ff 00 da 0000 b0 cc 00 00 04 00 00 00 00 86 04 04 11 00 00 00 ae | 010D: ljmp  $0113
1757 0113 ff 00 da 0000 b0 cc 00 00 04 00 00 00 00 86 04 04 11 00 00 00 ae | 0113: inc   r0
1758 0114 ff 00 da 0000 b1 cc 00 00 04 00 00 00 00 86 04 04 11 00 00 00 ae | 0114: ljmp  $0158
1759 0158 ff 00 da 0000 b1 cc 00 00 04 00 00 00 00 86 04 04 11 00 00 00 ae | 0158: inc   r0
1760 0159 ff 00 da 0000 b2 cc 00 00 04 00 00 00 00 86 04 04 11 00 00 00 ae | 0159: inc   rb3r7
1761 015b ff 00 da 0000 b2 cc 00 00 04 00 00 00 00 86 04 04 11 00 00 00 ae | 015B: inc   r4
1762 015c ff 00 da 0000 b2 cc 00 00 05 00 00 00 00 86 04 04 11 00 00 00 ae | 015C: cjne  r0,#$C8,$00FD
1763 00fd ff 80 da 0000 b2 cc 00 00 05 00 00 00 00 86 04 04 11 00 00 00 ae | 00FD: mov   p2,#$00
1764 0100 ff 80 da 0000 b2 cc 00 00 05 00 00 00 00 86 04 04 11 00 00 00 ae | 0100: mov   rb3r5,r0
1765 0102 ff 80 da 0000 b2 cc 00 00 05 00 00 00 00 86 04 04 11 00 00 00 ae | 0102: mov   p2,#$00
1766 0105 ff 80 da 0000 b2 cc 00 00 05 00 00 00 00 86 04 04 11 00 00 00 ae | 0105: mov   r1,rb3r7
1767 0107 ff 80 da 0000 b2 cd 00 00 05 00 00 00 00 86 04 04 11 00 00 00 ae | 0107: mov   a,@r1
1768 0108 ff 80 da 0000 b2 cd 00 00 05 00 00 00 00 86 04 04 11 00 00 00 ae | 0108: mov   rb3r4,a
1769 010a ff 80 da 0000 b2 cd 00 00 05 00 00 00 00 86 04 04 11 00 00 00 ae | 010A: cjne  a,#$FF,$0110
1770 010d ff 00 da 0000 b2 cd 00 00 05 00 00 00 00 86 04 04 11 00 00 00 ae | 010D: ljmp  $0113
1771 0113 ff 00 da 0000 b2 cd 00 00 05 00 00 00 00 86 04 04 11 00 00 00 ae | 0113: inc   r0
1772 0114 ff 00 da 0000 b3 cd 00 00 05 00 00 00 00 86 04 04 11 00 00 00 ae | 0114: ljmp  $0158
1773 0158 ff 00 da 0000 b3 cd 00 00 05 00 00 00 00 86 04 04 11 00 00 00 ae | 0158: inc   r0
1774 0159 ff 00 da 0000 b4 cd 00 00 05 00 00 00 00 86 04 04 11 00 00 00 ae | 0159: inc   rb3r7
1775 015b ff 00 da 0000 b4 cd 00 00 05 00 00 00 00 86 04 04 11 00 00 00 ae | 015B: inc   r4
1776 015c ff 00 da 0000 b4 cd 00 00 06 00 00 00 00 86 04 04 11 00 00 00 ae | 015C: cjne  r0,#$C8,$00FD
1777 00fd ff 80 da 0000 b4 cd 00 00 06 00 00 00 00 86 04 04 11 00 00 00 ae | 00FD: mov   p2,#$00
1778 0100 ff 80 da 0000 b4 cd 00 00 06 00 00 00 00 86 04 04 11 00 00 00 ae | 0100: mov   rb3r5,r0
1779 0102 ff 80 da 0000 b4 cd 00 00 06 00 00 00 00 86 04 04 11 00 00 00 ae | 0102: mov   p2,#$00
1780 0105 ff 80 da 0000 b4 cd 00 00 06 00 00 00 00 86 04 04 11 00 00 00 ae | 0105: mov   r1,rb3r7
1781 0107 ff 80 da 0000 b4 ce 00 00 06 00 00 00 00 86 04 04 11 00 00 00 ae | 0107: mov   a,@r1
1782 0108 ff 80 da 0000 b4 ce 00 00 06 00 00 00 00 86 04 04 11 00 00 00 ae | 0108: mov   rb3r4,a
1783 010a ff 80 da 0000 b4 ce 00 00 06 00 00 00 00 86 04 04 11 00 00 00 ae | 010A: cjne  a,#$FF,$0110
1784 010d ff 00 da 0000 b4 ce 00 00 06 00 00 00 00 86 04 04 11 00 00 00 ae | 010D: ljmp  $0113
1785 0113 ff 00 da 0000 b4 ce 00 00 06 00 00 00 00 86 04 04 11 00 00 00 ae | 0113: inc   r0
1786 0114 ff 00 da 0000 b5 ce 00 00 06 00 00 00 00 86 04 04 11 00 00 00 ae | 0114: ljmp  $0158
1787 0158 ff 00 da 0000 b5 ce 00 00 06 00 00 00 00 86 04 04 11 00 00 00 ae | 0158: inc   r0
1788 0159 ff 00 da 0000 b6 ce 00 00 06 00 00 00 00 86 04 04 11 00 00 00 ae | 0159: inc   rb3r7
1789 015b ff 00 da 0000 b6 ce 00 00 06 00 00 00 00 86 04 04 11 00 00 00 ae | 015B: inc   r4
1790 015c ff 00 da 0000 b6 ce 00 00 07 00 00 00 00 86 04 04 11 00 00 00 ae | 015C: cjne  r0,#$C8,$00FD
1791 00fd ff 80 da 0000 b6 ce 00 00 07 00 00 00 00 86 04 04 11 00 00 00 ae | 00FD: mov   p2,#$00
1792 0100 ff 80 da 0000 b6 ce 00 00 07 00 00 00 00 86 04 04 11 00 00 00 ae | 0100: mov   rb3r5,r0
1793 0102 ff 80 da 0000 b6 ce 00 00 07 00 00 00 00 86 04 04 11 00 00 00 ae | 0102: mov   p2,#$00
1794 0105 ff 80 da 0000 b6 ce 00 00 07 00 00 00 00 86 04 04 11 00 00 00 ae | 0105: mov   r1,rb3r7
1795 0107 ff 80 da 0000 b6 cf 00 00 07 00 00 00 00 86 04 04 11 00 00 00 ae | 0107: mov   a,@r1
1796 0108 ff 80 da 0000 b6 cf 00 00 07 00 00 00 00 86 04 04 11 00 00 00 ae | 0108: mov   rb3r4,a
1797 010a ff 80 da 0000 b6 cf 00 00 07 00 00 00 00 86 04 04 11 00 00 00 ae | 010A: cjne  a,#$FF,$0110
1798 010d ff 00 da 0000 b6 cf 00 00 07 00 00 00 00 86 04 04 11 00 00 00 ae | 010D: ljmp  $0113
1799 0113 ff 00 da 0000 b6 cf 00 00 07 00 00 00 00 86 04 04 11 00 00 00 ae | 0113: inc   r0
1800 0114 ff 00 da 0000 b7 cf 00 00 07 00 00 00 00 86 04 04 11 00 00 00 ae | 0114: ljmp  $0158
1801 0158 ff 00 da 0000 b7 cf 00 00 07 00 00 00 00 86 04 04 11 00 00 00 ae | 0158: inc   r0
1802 0159 ff 00 da 0000 b8 cf 00 00 07 00 00 00 00 86 04 04 11 00 00 00 ae | 0159: inc   rb3r7
1803 015b ff 00 da 0000 b8 cf 00 00 07 00 00 00 00 86 04 04 11 00 00 00 ae | 015B: inc   r4
1804 015c ff 00 da 0000 b8 cf 00 00 08 00 00 00 00 86 04 04 11 00 00 00 ae | 015C: cjne  r0,#$C8,$00FD
1805 00fd ff 80 da 0000 b8 cf 00 00 08 00 00 00 00 86 04 04 11 00 00 00 ae | 00FD: mov   p2,#$00
1806 0100 ff 80 da 0000 b8 cf 00 00 08 00 00 00 00 86 04 04 11 00 00 00 ae | 0100: mov   rb3r5,r0
1807 0102 ff 80 da 0000 b8 cf 00 00 08 00 00 00 00 86 04 04 11 00 00 00 ae | 0102: mov   p2,#$00
1808 0105 ff 80 da 0000 b8 cf 00 00 08 00 00 00 00 86 04 04 11 00 00 00 ae | 0105: mov   r1,rb3r7
1809 0107 ff 80 da 0000 b8 d0 00 00 08 00 00 00 00 86 04 04 11 00 00 00 ae | 0107: mov   a,@r1
1810 0108 ff 80 da 0000 b8 d0 00 00 08 00 00 00 00 86 04 04 11 00 00 00 ae | 0108: mov   rb3r4,a
1811 010a ff 80 da 0000 b8 d0 00 00 08 00 00 00 00 86 04 04 11 00 00 00 ae | 010A: cjne  a,#$FF,$0110
1812 010d ff 00 da 0000 b8 d0 00 00 08 00 00 00 00 86 04 04 11 00 00 00 ae | 010D: ljmp  $0113
1813 0113 ff 00 da 0000 b8 d0 00 00 08 00 00 00 00 86 04 04 11 00 00 00 ae | 0113: inc   r0
1814 0114 ff 00 da 0000 b9 d0 00 00 08 00 00 00 00 86 04 04 11 00 00 00 ae | 0114: ljmp  $0158
1815 0158 ff 00 da 0000 b9 d0 00 00 08 00 00 00 00 86 04 04 11 00 00 00 ae | 0158: inc   r0
1816 0159 ff 00 da 0000 ba d0 00 00 08 00 00 00 00 86 04 04 11 00 00 00 ae | 0159: inc   rb3r7
1817 015b ff 00 da 0000 ba d0 00 00 08 00 00 00 00 86 04 04 11 00 00 00 ae | 015B: inc   r4
1818 015c ff 00 da 0000 ba d0 00 00 09 00 00 00 00 86 04 04 11 00 00 00 ae | 015C: cjne  r0,#$C8,$00FD
1819 00fd ff 80 da 0000 ba d0 00 00 09 00 00 00 00 86 04 04 11 00 00 00 ae | 00FD: mov   p2,#$00
1820 0100 ff 80 da 0000 ba d0 00 00 09 00 00 00 00 86 04 04 11 00 00 00 ae | 0100: mov   rb3r5,r0
1821 0102 ff 80 da 0000 ba d0 00 00 09 00 00 00 00 86 04 04 11 00 00 00 ae | 0102: mov   p2,#$00
1822 0105 ff 80 da 0000 ba d0 00 00 09 00 00 00 00 86 04 04 11 00 00 00 ae | 0105: mov   r1,rb3r7
1823 0107 ff 80 da 0000 ba d1 00 00 09 00 00 00 00 86 04 04 11 00 00 00 ae | 0107: mov   a,@r1
1824 0108 ff 80 da 0000 ba d1 00 00 09 00 00 00 00 86 04 04 11 00 00 00 ae | 0108: mov   rb3r4,a
1825 010a ff 80 da 0000 ba d1 00 00 09 00 00 00 00 86 04 04 11 00 00 00 ae | 010A: cjne  a,#$FF,$0110
1826 010d ff 00 da 0000 ba d1 00 00 09 00 00 00 00 86 04 04 11 00 00 00 ae | 010D: ljmp  $0113
1827 0113 ff 00 da 0000 ba d1 00 00 09 00 00 00 00 86 04 04 11 00 00 00 ae | 0113: inc   r0
1828 0114 ff 00 da 0000 bb d1 00 00 09 00 00 00 00 86 04 04 11 00 00 00 ae | 0114: ljmp  $0158
1829 0158 ff 00 da 0000 bb d1 00 00 09 00 00 00 00 86 04 04 11 00 00 00 ae | 0158: inc   r0
1830 0159 ff 00 da 0000 bc d1 00 00 09 00 00 00 00 86 04 04 11 00 00 00 ae | 0159: inc   rb3r7
1831 015b ff 00 da 0000 bc d1 00 00 09 00 00 00 00 86 04 04 11 00 00 00 ae | 015B: inc   r4
1832 015c ff 00 da 0000 bc d1 00 00 0a 00 00 00 00 86 04 04 11 00 00 00 ae | 015C: cjne  r0,#$C8,$00FD
1833 00fd ff 80 da 0000 bc d1 00 00 0a 00 00 00 00 86 04 04 11 00 00 00 ae | 00FD: mov   p2,#$00
1834 0100 ff 80 da 0000 bc d1 00 00 0a 00 00 00 00 86 04 04 11 00 00 00 ae | 0100: mov   rb3r5,r0
1835 0102 ff 80 da 0000 bc d1 00 00 0a 00 00 00 00 86 04 04 11 00 00 00 ae | 0102: mov   p2,#$00
1836 0105 ff 80 da 0000 bc d1 00 00 0a 00 00 00 00 86 04 04 11 00 00 00 ae | 0105: mov   r1,rb3r7
1837 0107 ff 80 da 0000 bc d2 00 00 0a 00 00 00 00 86 04 04 11 00 00 00 ae | 0107: mov   a,@r1
1838 0108 ff 80 da 0000 bc d2 00 00 0a 00 00 00 00 86 04 04 11 00 00 00 ae | 0108: mov   rb3r4,a
1839 010a ff 80 da 0000 bc d2 00 00 0a 00 00 00 00 86 04 04 11 00 00 00 ae | 010A: cjne  a,#$FF,$0110
1840 010d ff 00 da 0000 bc d2 00 00 0a 00 00 00 00 86 04 04 11 00 00 00 ae | 010D: ljmp  $0113
1841 0113 ff 00 da 0000 bc d2 00 00 0a 00 00 00 00 86 04 04 11 00 00 00 ae | 0113: inc   r0
1842 0114 ff 00 da 0000 bd d2 00 00 0a 00 00 00 00 86 04 04 11 00 00 00 ae | 0114: ljmp  $0158
1843 0158 ff 00 da 0000 bd d2 00 00 0a 00 00 00 00 86 04 04 11 00 00 00 ae | 0158: inc   r0
1844 0159 ff 00 da 0000 be d2 00 00 0a 00 00 00 00 86 04 04 11 00 00 00 ae | 0159: inc   rb3r7
1845 015b ff 00 da 0000 be d2 00 00 0a 00 00 00 00 86 04 04 11 00 00 00 ae | 015B: inc   r4
1846 015c ff 00 da 0000 be d2 00 00 0b 00 00 00 00 86 04 04 11 00 00 00 ae | 015C: cjne  r0,#$C8,$00FD
1847 00fd ff 80 da 0000 be d2 00 00 0b 00 00 00 00 86 04 04 11 00 00 00 ae | 00FD: mov   p2,#$00
1848 0100 ff 80 da 0000 be d2 00 00 0b 00 00 00 00 86 04 04 11 00 00 00 ae | 0100: mov   rb3r5,r0
1849 0102 ff 80 da 0000 be d2 00 00 0b 00 00 00 00 86 04 04 11 00 00 00 ae | 0102: mov   p2,#$00
1850 0105 ff 80 da 0000 be d2 00 00 0b 00 00 00 00 86 04 04 11 00 00 00 ae | 0105: mov   r1,rb3r7
1851 0107 ff 80 da 0000 be d3 00 00 0b 00 00 00 00 86 04 04 11 00 00 00 ae | 0107: mov   a,@r1
1852 0108 ff 80 da 0000 be d3 00 00 0b 00 00 00 00 86 04 04 11 00 00 00 ae | 0108: mov   rb3r4,a
1853 010a ff 80 da 0000 be d3 00 00 0b 00 00 00 00 86 04 04 11 00 00 00 ae | 010A: cjne  a,#$FF,$0110
1854 010d ff 00 da 0000 be d3 00 00 0b 00 00 00 00 86 04 04 11 00 00 00 ae | 010D: ljmp  $0113
1855 0113 ff 00 da 0000 be d3 00 00 0b 00 00 00 00 86 04 04 11 00 00 00 ae | 0113: inc   r0
1856 0114 ff 00 da 0000 bf d3 00 00 0b 00 00 00 00 86 04 04 11 00 00 00 ae | 0114: ljmp  $0158
1857 0158 ff 00 da 0000 bf d3 00 00 0b 00 00 00 00 86 04 04 11 00 00 00 ae | 0158: inc   r0
1858 0159 ff 00 da 0000 c0 d3 00 00 0b 00 00 00 00 86 04 04 11 00 00 00 ae | 0159: inc   rb3r7
1859 015b ff 00 da 0000 c0 d3 00 00 0b 00 00 00 00 86 04 04 11 00 00 00 ae | 015B: inc   r4
1860 015c ff 00 da 0000 c0 d3 00 00 0c 00 00 00 00 86 04 04 11 00 00 00 ae | 015C: cjne  r0,#$C8,$00FD
1861 00fd ff 80 da 0000 c0 d3 00 00 0c 00 00 00 00 86 04 04 11 00 00 00 ae | 00FD: mov   p2,#$00
1862 0100 ff 80 da 0000 c0 d3 00 00 0c 00 00 00 00 86 04 04 11 00 00 00 ae | 0100: mov   rb3r5,r0
1863 0102 ff 80 da 0000 c0 d3 00 00 0c 00 00 00 00 86 04 04 11 00 00 00 ae | 0102: mov   p2,#$00
1864 0105 ff 80 da 0000 c0 d3 00 00 0c 00 00 00 00 86 04 04 11 00 00 00 ae | 0105: mov   r1,rb3r7
1865 0107 ff 80 da 0000 c0 d4 00 00 0c 00 00 00 00 86 04 04 11 00 00 00 ae | 0107: mov   a,@r1
1866 0108 ff 80 da 0000 c0 d4 00 00 0c 00 00 00 00 86 04 04 11 00 00 00 ae | 0108: mov   rb3r4,a
1867 010a ff 80 da 0000 c0 d4 00 00 0c 00 00 00 00 86 04 04 11 00 00 00 ae | 010A: cjne  a,#$FF,$0110
1868 010d ff 00 da 0000 c0 d4 00 00 0c 00 00 00 00 86 04 04 11 00 00 00 ae | 010D: ljmp  $0113
1869 0113 ff 00 da 0000 c0 d4 00 00 0c 00 00 00 00 86 04 04 11 00 00 00 ae | 0113: inc   r0
1870 0114 ff 00 da 0000 c1 d4 00 00 0c 00 00 00 00 86 04 04 11 00 00 00 ae | 0114: ljmp  $0158
1871 0158 ff 00 da 0000 c1 d4 00 00 0c 00 00 00 00 86 04 04 11 00 00 00 ae | 0158: inc   r0
1872 0159 ff 00 da 0000 c2 d4 00 00 0c 00 00 00 00 86 04 04 11 00 00 00 ae | 0159: inc   rb3r7
1873 015b ff 00 da 0000 c2 d4 00 00 0c 00 00 00 00 86 04 04 11 00 00 00 ae | 015B: inc   r4
1874 015c ff 00 da 0000 c2 d4 00 00 0d 00 00 00 00 86 04 04 11 00 00 00 ae | 015C: cjne  r0,#$C8,$00FD
1875 00fd ff 80 da 0000 c2 d4 00 00 0d 00 00 00 00 86 04 04 11 00 00 00 ae | 00FD: mov   p2,#$00
1876 0100 ff 80 da 0000 c2 d4 00 00 0d 00 00 00 00 86 04 04 11 00 00 00 ae | 0100: mov   rb3r5,r0
1877 0102 ff 80 da 0000 c2 d4 00 00 0d 00 00 00 00 86 04 04 11 00 00 00 ae | 0102: mov   p2,#$00
1878 0105 ff 80 da 0000 c2 d4 00 00 0d 00 00 00 00 86 04 04 11 00 00 00 ae | 0105: mov   r1,rb3r7
1879 0107 ff 80 da 0000 c2 d5 00 00 0d 00 00 00 00 86 04 04 11 00 00 00 ae | 0107: mov   a,@r1
1880 0108 ff 80 da 0000 c2 d5 00 00 0d 00 00 00 00 86 04 04 11 00 00 00 ae | 0108: mov   rb3r4,a
1881 010a ff 80 da 0000 c2 d5 00 00 0d 00 00 00 00 86 04 04 11 00 00 00 ae | 010A: cjne  a,#$FF,$0110
1882 010d ff 00 da 0000 c2 d5 00 00 0d 00 00 00 00 86 04 04 11 00 00 00 ae | 010D: ljmp  $0113
1883 0113 ff 00 da 0000 c2 d5 00 00 0d 00 00 00 00 86 04 04 11 00 00 00 ae | 0113: inc   r0
1884 0114 ff 00 da 0000 c3 d5 00 00 0d 00 00 00 00 86 04 04 11 00 00 00 ae | 0114: ljmp  $0158
1885 0158 ff 00 da 0000 c3 d5 00 00 0d 00 00 00 00 86 04 04 11 00 00 00 ae | 0158: inc   r0
1886 0159 ff 00 da 0000 c4 d5 00 00 0d 00 00 00 00 86 04 04 11 00 00 00 ae | 0159: inc   rb3r7
1887 015b ff 00 da 0000 c4 d5 00 00 0d 00 00 00 00 86 04 04 11 00 00 00 ae | 015B: inc   r4
1888 015c ff 00 da 0000 c4 d5 00 00 0e 00 00 00 00 86 04 04 11 00 00 00 ae | 015C: cjne  r0,#$C8,$00FD
1889 00fd ff 80 da 0000 c4 d5 00 00 0e 00 00 00 00 86 04 04 11 00 00 00 ae | 00FD: mov   p2,#$00
1890 0100 ff 80 da 0000 c4 d5 00 00 0e 00 00 00 00 86 04 04 11 00 00 00 ae | 0100: mov   rb3r5,r0
1891 0102 ff 80 da 0000 c4 d5 00 00 0e 00 00 00 00 86 04 04 11 00 00 00 ae | 0102: mov   p2,#$00
1892 0105 ff 80 da 0000 c4 d5 00 00 0e 00 00 00 00 86 04 04 11 00 00 00 ae | 0105: mov   r1,rb3r7
1893 0107 ff 80 da 0000 c4 d6 00 00 0e 00 00 00 00 86 04 04 11 00 00 00 ae | 0107: mov   a,@r1
1894 0108 ff 80 da 0000 c4 d6 00 00 0e 00 00 00 00 86 04 04 11 00 00 00 ae | 0108: mov   rb3r4,a
1895 010a ff 80 da 0000 c4 d6 00 00 0e 00 00 00 00 86 04 04 11 00 00 00 ae | 010A: cjne  a,#$FF,$0110
1896 010d ff 00 da 0000 c4 d6 00 00 0e 00 00 00 00 86 04 04 11 00 00 00 ae | 010D: ljmp  $0113
1897 0113 ff 00 da 0000 c4 d6 00 00 0e 00 00 00 00 86 04 04 11 00 00 00 ae | 0113: inc   r0
1898 0114 ff 00 da 0000 c5 d6 00 00 0e 00 00 00 00 86 04 04 11 00 00 00 ae | 0114: ljmp  $0158
1899 0158 ff 00 da 0000 c5 d6 00 00 0e 00 00 00 00 86 04 04 11 00 00 00 ae | 0158: inc   r0
1900 0159 ff 00 da 0000 c6 d6 00 00 0e 00 00 00 00 86 04 04 11 00 00 00 ae | 0159: inc   rb3r7
1901 015b ff 00 da 0000 c6 d6 00 00 0e 00 00 00 00 86 04 04 11 00 00 00 ae | 015B: inc   r4
1902 015c ff 00 da 0000 c6 d6 00 00 0f 00 00 00 00 86 04 04 11 00 00 00 ae | 015C: cjne  r0,#$C8,$00FD
1903 00fd ff 80 da 0000 c6 d6 00 00 0f 00 00 00 00 86 04 04 11 00 00 00 ae | 00FD: mov   p2,#$00
1904 0100 ff 80 da 0000 c6 d6 00 00 0f 00 00 00 00 86 04 04 11 00 00 00 ae | 0100: mov   rb3r5,r0
1905 0102 ff 80 da 0000 c6 d6 00 00 0f 00 00 00 00 86 04 04 11 00 00 00 ae | 0102: mov   p2,#$00
1906 0105 ff 80 da 0000 c6 d6 00 00 0f 00 00 00 00 86 04 04 11 00 00 00 ae | 0105: mov   r1,rb3r7
1907 0107 ff 80 da 0000 c6 d7 00 00 0f 00 00 00 00 86 04 04 11 00 00 00 ae | 0107: mov   a,@r1
1908 0108 ff 80 da 0000 c6 d7 00 00 0f 00 00 00 00 86 04 04 11 00 00 00 ae | 0108: mov   rb3r4,a
1909 010a ff 80 da 0000 c6 d7 00 00 0f 00 00 00 00 86 04 04 11 00 00 00 ae | 010A: cjne  a,#$FF,$0110
1910 010d ff 00 da 0000 c6 d7 00 00 0f 00 00 00 00 86 04 04 11 00 00 00 ae | 010D: ljmp  $0113
1911 0113 ff 00 da 0000 c6 d7 00 00 0f 00 00 00 00 86 04 04 11 00 00 00 ae | 0113: inc   r0
1912 0114 ff 00 da 0000 c7 d7 00 00 0f 00 00 00 00 86 04 04 11 00 00 00 ae | 0114: ljmp  $0158
1913 0158 ff 00 da 0000 c7 d7 00 00 0f 00 00 00 00 86 04 04 11 00 00 00 ae | 0158: inc   r0
1914 0159 ff 00 da 0000 c8 d7 00 00 0f 00 00 00 00 86 04 04 11 00 00 00 ae | 0159: inc   rb3r7
1915 015b ff 00 da 0000 c8 d7 00 00 0f 00 00 00 00 86 04 04 11 00 00 00 ae | 015B: inc   r4
1916 015c ff 00 da 0000 c8 d7 00 00 10 00 00 00 00 86 04 04 11 00 00 00 ae | 015C: cjne  r0,#$C8,$00FD
1917 015f ff 00 da 0000 c8 d7 00 00 10 00 00 00 00 86 04 04 11 00 00 00 ae | 015F: ret
1918 009f ff 00 d8 0000 c8 d7 00 00 10 00 00 00 00 86 04 04 11 00 00 00 ae | 009F: jnb   $20.3,$00A9
1919 00a9 ff 00 d8 0000 c8 d7 00 00 10 00 00 00 00 86 04 04 11 00 00 00 ae | 00A9: mov   a,rb3r3
1920 00ab 00 00 d8 0000 c8 d7 00 00 10 00 00 00 00 86 04 04 11 00 00 00 ae | 00AB: jnz   $0091
1921 00ad 00 00 d8 0000 c8 d7 00 00 10 00 00 00 00 86 04 04 11 00 00 00 ae | 00AD: mov   a,$2A
1922 00af 00 00 d8 0000 c8 d7 00 00 10 00 00 00 00 86 04 04 11 00 00 00 ae | 00AF: cjne  a,#$00,$00BA
1923 00b2 00 00 d8 0000 c8 d7 00 00 10 00 00 00 00 86 04 04 11 00 00 00 ae | 00B2: jnb   tr0,$008E
1924 008e 00 00 d8 0000 c8 d7 00 00 10 00 00 00 00 86 04 04 11 00 00 00 ae | 008E: jnb   $20.3,$0098
1925 0098 00 00 d8 0000 c8 d7 00 00 10 00 00 00 00 86 04 04 11 00 00 00 ae | 0098: mov   a,rb3r3
1926 009a 00 00 d8 0000 c8 d7 00 00 10 00 00 00 00 86 04 04 11 00 00 00 ae | 009A: jnz   $0091
1927 009c 00 00 d8 0000 c8 d7 00 00 10 00 00 00 00 86 04 04 11 00 00 00 ae | 009C: lcall $00F6
1928 00f6 00 00 da 0000 c8 d7 00 00 10 00 00 00 00 86 04 04 11 00 00 00 ae | 00F6: mov   r0,#$A8
1929 00f8 00 00 da 0000 a8 d7 00 00 10 00 00 00 00 86 04 04 11 00 00 00 ae | 00F8: mov   rb3r7,#$C8
1930 00fb 00 00 da 0000 a8 d7 00 00 10 00 00 00 00 86 04 04 11 00 00 00 ae | 00FB: mov   r4,#$00
1931 00fd 00 00 da 0000 a8 d7 00 00 00 00 00 00 00 86 04 04 11 00 00 00 ae | 00FD: mov   p2,#$00
1932 0100 00 00 da 0000 a8 d7 00 00 00 00 00 00 00 86 04 04 11 00 00 00 ae | 0100: mov   rb3r5,r0
1933 0102 00 00 da 0000 a8 d7 00 00 00 00 00 00 00 86 04 04 11 00 00 00 ae | 0102: mov   p2,#$00
1934 0105 00 00 da 0000 a8 d7 00 00 00 00 00 00 00 86 04 04 11 00 00 00 ae | 0105: mov   r1,rb3r7
1935 0107 00 00 da 0000 a8 c8 00 00 00 00 00 00 00 86 04 04 11 00 00 00 ae | 0107: mov   a,@r1
1936 0108 ff 00 da 0000 a8 c8 00 00 00 00 00 00 00 86 04 04 11 00 00 00 ae | 0108: mov   rb3r4,a
1937 010a ff 00 da 0000 a8 c8 00 00 00 00 00 00 00 86 04 04 11 00 00 00 ae | 010A: cjne  a,#$FF,$0110
1938 010d ff 00 da 0000 a8 c8 00 00 00 00 00 00 00 86 04 04 11 00 00 00 ae | 010D: ljmp  $0113
1939 0113 ff 00 da 0000 a8 c8 00 00 00 00 00 00 00 86 04 04 11 00 00 00 ae | 0113: inc   r0
1940 0114 ff 00 da 0000 a9 c8 00 00 00 00 00 00 00 86 04 04 11 00 00 00 ae | 0114: ljmp  $0158
1941 0158 ff 00 da 0000 a9 c8 00 00 00 00 00 00 00 86 04 04 11 00 00 00 ae | 0158: inc   r0
1942 0159 ff 00 da 0000 aa c8 00 00 00 00 00 00 00 86 04 04 11 00 00 00 ae | 0159: inc   rb3r7
1943 015b ff 00 da 0000 aa c8 00 00 00 00 00 00 00 86 04 04 11 00 00 00 ae | 015B: inc   r4
1944 015c ff 00 da 0000 aa c8 00 00 01 00 00 00 00 86 04 04 11 00 00 00 ae | 015C: cjne  r0,#$C8,$00FD
1945 00fd ff 80 da 0000 aa c8 00 00 01 00 00 00 00 86 04 04 11 00 00 00 ae | 00FD: mov   p2,#$00
1946 0100 ff 80 da 0000 aa c8 00 00 01 00 00 00 00 86 04 04 11 00 00 00 ae | 0100: mov   rb3r5,r0
1947 0102 ff 80 da 0000 aa c8 00 00 01 00 00 00 00 86 04 04 11 00 00 00 ae | 0102: mov   p2,#$00
1948 0105 ff 80 da 0000 aa c8 00 00 01 00 00 00 00 86 04 04 11 00 00 00 ae | 0105: mov   r1,rb3r7
1949 0107 ff 80 da 0000 aa c9 00 00 01 00 00 00 00 86 04 04 11 00 00 00 ae | 0107: mov   a,@r1
1950 0108 ff 80 da 0000 aa c9 00 00 01 00 00 00 00 86 04 04 11 00 00 00 ae | 0108: mov   rb3r4,a
1951 010a ff 80 da 0000 aa c9 00 00 01 00 00 00 00 86 04 04 11 00 00 00 ae | 010A: cjne  a,#$FF,$0110
1952 010d ff 00 da 0000 aa c9 00 00 01 00 00 00 00 86 04 04 11 00 00 00 ae | 010D: ljmp  $0113
1953 0113 ff 00 da 0000 aa c9 00 00 01 00 00 00 00 86 04 04 11 00 00 00 ae | 0113: inc   r0
1954 0114 ff 00 da 0000 ab c9 00 00 01 00 00 00 00 86 04 04 11 00 00 00 ae | 0114: ljmp  $0158
1955 0158 ff 00 da 0000 ab c9 00 00 01 00 00 00 00 86 04 04 11 00 00 00 ae | 0158: inc   r0
1956 0159 ff 00 da 0000 ac c9 00 00 01 00 00 00 00 86 04 04 11 00 00 00 ae | 0159: inc   rb3r7
1957 015b ff 00 da 0000 ac c9 00 00 01 00 00 00 00 86 04 04 11 00 00 00 ae | 015B: inc   r4
1958 015c ff 00 da 0000 ac c9 00 00 02 00 00 00 00 86 04 04 11 00 00 00 ae | 015C: cjne  r0,#$C8,$00FD
1959 00fd ff 80 da 0000 ac c9 00 00 02 00 00 00 00 86 04 04 11 00 00 00 ae | 00FD: mov   p2,#$00
1960 0100 ff 80 da 0000 ac c9 00 00 02 00 00 00 00 86 04 04 11 00 00 00 ae | 0100: mov   rb3r5,r0
1961 0102 ff 80 da 0000 ac c9 00 00 02 00 00 00 00 86 04 04 11 00 00 00 ae | 0102: mov   p2,#$00
1962 0105 ff 80 da 0000 ac c9 00 00 02 00 00 00 00 86 04 04 11 00 00 00 ae | 0105: mov   r1,rb3r7
1963 0107 ff 80 da 0000 ac ca 00 00 02 00 00 00 00 86 04 04 11 00 00 00 ae | 0107: mov   a,@r1
1964 0108 ff 80 da 0000 ac ca 00 00 02 00 00 00 00 86 04 04 11 00 00 00 ae | 0108: mov   rb3r4,a
1965 010a ff 80 da 0000 ac ca 00 00 02 00 00 00 00 86 04 04 11 00 00 00 ae | 010A: cjne  a,#$FF,$0110
1966 010d ff 00 da 0000 ac ca 00 00 02 00 00 00 00 86 04 04 11 00 00 00 ae | 010D: ljmp  $0113
1967 0113 ff 00 da 0000 ac ca 00 00 02 00 00 00 00 86 04 04 11 00 00 00 ae | 0113: inc   r0
1968 0114 ff 00 da 0000 ad ca 00 00 02 00 00 00 00 86 04 04 11 00 00 00 ae | 0114: ljmp  $0158
1969 0158 ff 00 da 0000 ad ca 00 00 02 00 00 00 00 86 04 04 11 00 00 00 ae | 0158: inc   r0
1970 0159 ff 00 da 0000 ae ca 00 00 02 00 00 00 00 86 04 04 11 00 00 00 ae | 0159: inc   rb3r7
1971 015b ff 00 da 0000 ae ca 00 00 02 00 00 00 00 86 04 04 11 00 00 00 ae | 015B: inc   r4
1972 015c ff 00 da 0000 ae ca 00 00 03 00 00 00 00 86 04 04 11 00 00 00 ae | 015C: cjne  r0,#$C8,$00FD
1973 00fd ff 80 da 0000 ae ca 00 00 03 00 00 00 00 86 04 04 11 00 00 00 ae | 00FD: mov   p2,#$00
1974 0100 ff 80 da 0000 ae ca 00 00 03 00 00 00 00 86 04 04 11 00 00 00 ae | 0100: mov   rb3r5,r0
1975 0102 ff 80 da 0000 ae ca 00 00 03 00 00 00 00 86 04 04 11 00 00 00 ae | 0102: mov   p2,#$00
1976 0105 ff 80 da 0000 ae ca 00 00 03 00 00 00 00 86 04 04 11 00 00 00 ae | 0105: mov   r1,rb3r7
1977 0107 ff 80 da 0000 ae cb 00 00 03 00 00 00 00 86 04 04 11 00 00 00 ae | 0107: mov   a,@r1
1978 0108 ff 80 da 0000 ae cb 00 00 03 00 00 00 00 86 04 04 11 00 00 00 ae | 0108: mov   rb3r4,a
1979 010a ff 80 da 0000 ae cb 00 00 03 00 00 00 00 86 04 04 11 00 00 00 ae | 010A: cjne  a,#$FF,$0110
1980 010d ff 00 da 0000 ae cb 00 00 03 00 00 00 00 86 04 04 11 00 00 00 ae | 010D: ljmp  $0113
1981 0113 ff 00 da 0000 ae cb 00 00 03 00 00 00 00 86 04 04 11 00 00 00 ae | 0113: inc   r0
1982 0114 ff 00 da 0000 af cb 00 00 03 00 00 00 00 86 04 04 11 00 00 00 ae | 0114: ljmp  $0158
1983 0158 ff 00 da 0000 af cb 00 00 03 00 00 00 00 86 04 04 11 00 00 00 ae | 0158: inc   r0
1984 0159 ff 00 da 0000 b0 cb 00 00 03 00 00 00 00 86 04 04 11 00 00 00 ae | 0159: inc   rb3r7
1985 015b ff 00 da 0000 b0 cb 00 00 03 00 00 00 00 86 04 04 11 00 00 00 ae | 015B: inc   r4
1986 015c ff 00 da 0000 b0 cb 00 00 04 00 00 00 00 86 04 04 11 00 00 00 ae | 015C: cjne  r0,#$C8,$00FD
1987 00fd ff 80 da 0000 b0 cb 00 00 04 00 00 00 00 86 04 04 11 00 00 00 ae | 00FD: mov   p2,#$00
1988 0100 ff 80 da 0000 b0 cb 00 00 04 00 00 00 00 86 04 04 11 00 00 00 ae | 0100: mov   rb3r5,r0
1989 0102 ff 80 da 0000 b0 cb 00 00 04 00 00 00 00 86 04 04 11 00 00 00 ae | 0102: mov   p2,#$00
1990 0105 ff 80 da 0000 b0 cb 00 00 04 00 00 00 00 86 04 04 11 00 00 00 ae | 0105: mov   r1,rb3r7
1991 0107 ff 80 da 0000 b0 cc 00 00 04 00 00 00 00 86 04 04 11 00 00 00 ae | 0107: mov   a,@r1
1992 0108 ff 80 da 0000 b0 cc 00 00 04 00 00 00 00 86 04 04 11 00 00 00 ae | 0108: mov   rb3r4,a
1993 010a ff 80 da 0000 b0 cc 00 00 04 00 00 00 00 86 04 04 11 00 00 00 ae | 010A: cjne  a,#$FF,$0110
1994 010d ff 00 da 0000 b0 cc 00 00 04 00 00 00 00 86 04 04 11 00 00 00 ae | 010D: ljmp  $0113
1995 0113 ff 00 da 0000 b0 cc 00 00 04 00 00 00 00 86 04 04 11 00 00 00 ae | 0113: inc   r0
1996 0114 ff 00 da 0000 b1 cc 00 00 04 00 00 00 00 86 04 04 11 00 00 00 ae | 0114: ljmp  $0158
1997 0158 ff 00 da 0000 b1 cc 00 00 04 00 00 00 00 86 04 04 11 00 00 00 ae | 0158: inc   r0
1998 0159 ff 00 da 0000 b2 cc 00 00 04 00 00 00 00 86 04 04 11 00 00 00 ae | 0159: inc   rb3r7
1999 015b ff 00 da 0000 b2 cc 00 00 04 00 00 00 00 86 04 04 11 00 00 00 ae | 015B: inc   r4
